alpha,delta1,delta2,U,CL,dstar_s,dstar_p,SPL,dstar_s_c,dstar_p_c,H_s_c,alpha_eq,corr_ok,corr_reason,SPL_c,SPLA_c
0,-10,-10,40,-1.0874534653087178,0.0010482742318077,0.023655191358616,65.98960064487332,0.002051817530165368,0.06819757010794948,0.12002803415635283,,False,outside the fitted design box,,
0,-10,-10,55,-1.10699656351275,0.0009740694335469,0.0224298635559045,73.812678900086,0.0019065743282683434,0.06466496800535858,0.12002803415635283,,False,outside the fitted design box,,
0,-10,-10,70,-1.1257892060811872,0.0009254582786035,0.0214836279289215,79.70338421426669,0.0018114263060733742,0.061936984556334035,0.12002803415635283,,False,outside the fitted design box,,
0,-10,-5,40,-0.9422968311757304,0.0013464565955377,0.013444080101062,67.06474660251315,0.002335242463327668,0.03509741844527835,0.4396664349157112,,False,outside the fitted design box,,
0,-10,-5,55,-0.9556101065608744,0.0012527967224998,0.0129111575597724,74.30807732867207,0.0021728023866457763,0.03370615885072381,0.4396664349157112,,False,outside the fitted design box,,
0,-10,-5,70,-0.9696664595760156,0.0011929260114534,0.0124179087436283,79.65965900289724,0.002068964931202706,0.03241847237699624,0.4396664349157112,,False,outside the fitted design box,,
0,-10,0,40,-0.7458629767020731,0.0017140069774599,0.0076041965643057,66.33061579009212,0.0026340741847509876,0.017976248525255506,0.7593048356750697,,False,outside the fitted design box,,
0,-10,0,55,-0.7521611252984963,0.0015936859240449,0.0074896316216916,73.25709635714553,0.0024491656138697984,0.017705418087970416,0.7593048356750697,,False,outside the fitted design box,,
0,-10,0,70,-0.7592579273185374,0.0015179045990409,0.0073780489780186,78.48577518100554,0.002332705392584655,0.017441637777084407,0.7593048356750697,,False,outside the fitted design box,,
0,-10,5,40,-0.5000205147353034,0.0021558034387111,0.004747226532523,65.37454081156704,0.0029356236124722284,0.010162190506428097,1.078943236434428,,False,outside the fitted design box,,
0,-10,5,55,-0.5055504730667412,0.0020182663091384,0.0046488265694492,72.18811946363358,0.002748335087964323,0.0099515497957456,1.078943236434428,,False,outside the fitted design box,,
0,-10,5,70,-0.510892512125665,0.0019392424759968,0.0045745053331398,77.35980479468545,0.0026407259124927207,0.009792453414548055,1.078943236434428,,False,outside the fitted design box,,
0,-10,10,40,-0.2426165957558527,0.0027598229195745,0.0030736904187861,64.75125821983177,0.0033300306004685493,0.005958118631140866,1.3985816371937865,,False,outside the equivalent-incidence map,,
0,-10,10,55,-0.242999501342939,0.0026272086429757,0.0031758954529803,71.6659783484147,0.003170016856108063,0.006156235433895955,1.3985816371937865,,False,outside the equivalent-incidence map,,
0,-10,10,70,-0.2454376290199449,0.0025729432721158,0.0031396759619483,76.84323111074296,0.0031045397038503733,0.006086026663679784,1.3985816371937865,,False,outside the equivalent-incidence map,,
0,-5,-10,40,-0.8282194092048055,0.0012296674999247,0.0120673179266626,66.96347107690985,0.0021326879537853834,0.03150321209041514,0.4396664349157112,,False,outside the fitted design box,,
0,-5,-10,55,-0.838585879271674,0.0011423767734207,0.0117318086342589,74.1035582302667,0.0019812942795574677,0.030627323971685345,0.4396664349157112,,False,outside the fitted design box,,
0,-5,-10,70,-0.8495600572538207,0.0010866975893675,0.0113881708801986,79.43595900561691,0.0018847264471034669,0.029730215507797413,0.4396664349157112,,False,outside the fitted design box,,
0,-5,-5,40,-0.6251357991581604,0.0015757746961505,0.0066971140985895,65.9305085583032,0.0024216397615049795,0.01583191418319543,0.7593048356750697,,False,outside the fitted design box,,
0,-5,-5,55,-0.6314043450356053,0.001474882533,0.0065506859423252,72.82146461216978,0.002266589376125417,0.015485759411176811,0.7593048356750697,,False,outside the fitted design box,,
0,-5,-5,70,-0.6377879277535263,0.0014130074668541,0.0064535097478688,78.02580030334126,0.0021715001982177454,0.015256035809542599,0.7593048356750697,,False,outside the fitted design box,,
0,-5,0,40,-0.3823856539173905,0.00201325579039,0.0041648072008454,64.93635512391847,0.0027415121110247686,0.008915429652993802,1.078943236434428,,False,outside the fitted design box,,
0,-5,0,55,-0.3853141123377555,0.0019066131859765,0.0041242484247402,71.79029771163502,0.0025962936082660117,0.00882860716692433,1.078943236434428,,False,outside the fitted design box,,
0,-5,0,70,-0.3893318230959663,0.0018477607124594,0.0040354489424065,76.94425086262395,0.0025161523913967737,0.008638517806291341,1.078943236434428,,False,outside the fitted design box,,
0,-5,5,40,-0.1285833462262735,0.0026385182685828,0.0026310947695885,64.32517662472343,0.003183663166197151,0.005100180119367271,1.3985816371937865,,False,outside the equivalent-incidence map,,
0,-5,5,55,-0.1273942348995418,0.0025546362899422,0.0027277998028116,71.27008032922599,0.0030824503116622256,0.00528763558223695,1.3985816371937865,,False,outside the equivalent-incidence map,,
0,-5,5,70,-0.1276231757799673,0.0025229464270119,0.0027459928567344,76.50369863807151,0.003044212998487501,0.005322901454451106,1.3985816371937865,,False,outside the equivalent-incidence map,,
0,-5,10,40,0.1257179954482828,0.0038021749023189,0.0018060843280834,64.54802129897593,0.0040651342586145766,0.0031702148340589206,1.718220037953145,9.638137218025786,True,,66.50395185837051,66.86617034808324
0,-5,10,55,0.1292222312446595,0.0037536908488605,0.0018656215615166,71.50172111284904,0.004013297036031776,0.0032747203755078376,1.718220037953145,9.638137218025786,True,,75.96912215791379,76.43368695952488
0,-5,10,70,0.1325219593100984,0.0037096545772286,0.001908762099534,76.7630132355723,0.003966215204966267,0.003350444842768554,1.718220037953145,9.638137218025786,True,,83.11964775268959,83.6319479410596
0,0,-10,40,-0.4917872334796452,0.0014489119291717,0.0063008702800697,65.69323482263309,0.00222667793001923,0.014895197555992024,0.7593048356750697,,False,outside the fitted design box,,
0,0,-10,55,-0.498006963620058,0.0014041625784856,0.0061187045506984,72.5779809884947,0.002157907434346389,0.014464559500246036,0.7593048356750697,,False,outside the fitted design box,,
0,0,-10,70,-0.5040870589132429,0.0013744008068516,0.0059937591851357,77.78065438015736,0.002112169747519844,0.014169189841605567,0.7593048356750697,,False,outside the fitted design box,,
0,0,-5,40,-0.2511634729360114,0.0018846986891574,0.003862453183916,64.64891924602371,0.0025664519663229687,0.00826819297714312,1.078943236434428,,False,outside the fitted design box,,
0,0,-5,55,-0.2535877745876375,0.0018430253598584,0.0038432125953308,71.54892426714673,0.0025097041166332874,0.008227005448947644,1.078943236434428,,False,outside the fitted design box,,
0,0,-5,70,-0.2568001667096288,0.0018154342329186,0.0037739160005241,76.73755058919818,0.0024721324334803832,0.008078665108951654,1.078943236434428,,False,outside the fitted design box,,
0,0,0,40,-1.6688537779966706e-16,0.0025837521845057,0.0025837521845057,64.24209483835278,0.0031175818482433552,0.005008410064548411,1.3985816371937865,,False,outside the equivalent-incidence map,,
0,0,0,55,-2.238458132794592e-16,0.0025643855560777,0.0025643855560777,71.14622884521063,0.0030942138760319034,0.0049708693060666834,1.3985816371937865,,False,outside the equivalent-incidence map,,
0,0,0,70,-4.512624023625485e-16,0.0025523076596033,0.0025523076596033,76.36689948463862,0.0030796405624458115,0.004947457208488707,1.3985816371937865,,False,outside the equivalent-incidence map,,
0,0,5,40,0.2511634729360114,0.003862453183916,0.0018846986891574,64.64891924602371,0.004129581401070159,0.003308206404979274,1.718220037953145,9.638137218025786,True,,66.57240256028149,66.92063907686703
0,0,5,55,0.2535877745876376,0.0038432125953308,0.0018430253598583,71.54892426714673,0.0041090101286213555,0.0032350573251304793,1.718220037953145,9.638137218025786,True,,76.06901503370696,76.51937241039995
0,0,5,70,0.2568001667096286,0.0037739160005241,0.0018154342329186,76.73755058919818,0.0040349209641849055,0.003186626696198849,1.718220037953145,9.638137218025786,True,,83.19582022929939,83.70240460085411
0,0,10,40,0.4917872334796469,0.0063008702800696,0.0014489119291717,65.69323482263304,0.005969241322855119,0.00230300194412057,2.037858438712503,,False,outside the equivalent-incidence map,,
0,0,10,55,0.4980069636200586,0.0061187045506983,0.0014041625784856,72.57798098849464,0.005796663385040599,0.00223187419677216,2.037858438712503,,False,outside the equivalent-incidence map,,
0,0,10,70,0.5040870589132436,0.0059937591851356,0.0013744008068516,77.78065438015729,0.0056782941747467045,0.002184568755665911,2.037858438712503,,False,outside the equivalent-incidence map,,
0,5,-10,40,-0.1257179954482826,0.0018060843280834,0.0038021749023189,64.54802129897595,0.002459400381515111,0.008139157765363518,1.078943236434428,,False,outside the fitted design box,,
0,5,-10,55,-0.1292222312446605,0.0018656215615166,0.0037536908488605,71.50172111284905,0.00254047405694828,0.008035369967500363,1.078943236434428,,False,outside the fitted design box,,
0,5,-10,70,-0.1325219593100987,0.001908762099534,0.0037096545772286,76.76301323557232,0.002599219849716081,0.00794110335130871,1.078943236434428,,False,outside the fitted design box,,
0,5,-5,40,0.1285833462262731,0.0026310947695885,0.0026385182685827,64.3251766247234,0.0031747058962802183,0.005114570016084021,1.3985816371937865,,False,outside the equivalent-incidence map,,
0,5,-5,55,0.1273942348995423,0.0027277998028116,0.0025546362899422,71.27008032922599,0.0032913911798062717,0.004951971083966354,1.3985816371937865,,False,outside the equivalent-incidence map,,
0,5,-5,70,0.1276231757799667,0.0027459928567344,0.0025229464270119,76.50369863807151,0.0033133431050001673,0.0048905426585174805,1.3985816371937865,,False,outside the equivalent-incidence map,,
0,5,0,40,0.3823856539173899,0.0041648072008454,0.00201325579039,64.93635512391849,0.004452846296564529,0.003533862329796303,1.718220037953145,9.638137218025786,True,,66.89465975542332,67.16781927221957
0,5,0,55,0.3853141123377552,0.0041242484247402,0.0019066131859765,71.79029771163502,0.004409482465476125,0.003346672860734733,1.718220037953145,9.638137218025786,True,,76.36759305611837,76.76780747566934
0,5,0,70,0.3893318230959662,0.0040354489424065,0.0018477607124594,76.94425086262395,0.004314541588989405,0.003243369276475762,1.718220037953145,9.638137218025786,True,,83.48805460343839,83.96569399429009
0,5,5,40,0.6251357991581603,0.0066971140985895,0.0015757746961505,65.93050855830319,0.00634462993907795,0.0025046464975998924,2.037858438712503,,False,outside the equivalent-incidence map,,
0,5,5,55,0.6314043450356053,0.0065506859423252,0.001474882533,72.82146461216978,0.00620590862561636,0.002344281437996193,2.037858438712503,,False,outside the equivalent-incidence map,,
0,5,5,70,0.6377879277535257,0.0064535097478688,0.0014130074668541,78.02580030334124,0.006113847032572338,0.0022459328808771563,2.037858438712503,,False,outside the equivalent-incidence map,,
0,5,10,40,0.8282194092048054,0.0120673179266625,0.0012296674999247,66.96347107690985,0.010129899773737095,0.0017698711831437778,2.3574968394718616,,False,outside the fitted design box,,
0,5,10,55,0.8385858792716742,0.0117318086342589,0.0011423767734207,74.10355823026669,0.00984825678348351,0.001644232877337879,2.3574968394718616,,False,outside the fitted design box,,
0,5,10,70,0.8495600572538207,0.0113881708801986,0.0010866975893675,79.43595900561691,0.009559790363003137,0.0015640933409487726,2.3574968394718616,,False,outside the fitted design box,,
0,10,-10,40,0.2426165957558511,0.0030736904187861,0.0027598229195744,64.75125821983175,0.0037087463396031127,0.005349709995276565,1.3985816371937865,,False,outside the equivalent-incidence map,,
0,10,-10,55,0.2429995013429385,0.0031758954529803,0.0026272086429757,71.66597834841467,0.0038320679806311156,0.005092647154032446,1.3985816371937865,,False,outside the equivalent-incidence map,,
0,10,-10,70,0.2454376290199456,0.0031396759619483,0.0025729432721158,76.84323111074293,0.003788365171797079,0.004987457797560486,1.3985816371937865,,False,outside the equivalent-incidence map,,
0,10,-5,40,0.5000205147353045,0.004747226532523,0.0021558034387111,65.37454081156704,0.005075545893218549,0.0037840758232865683,1.718220037953145,9.638137218025786,True,,67.44936278542153,67.56063848471013
0,10,-5,55,0.5055504730667414,0.0046488265694492,0.0020182663091384,72.18811946363358,0.004970340564370117,0.003542657279520143,1.718220037953145,9.638137218025786,True,,76.88441673548587,77.17618529355099
0,10,-5,70,0.5108925121256667,0.0045745053331399,0.0019392424759968,77.35980479468546,0.004890879252982453,0.0034039469634101808,1.718220037953145,9.638137218025786,True,,84.02035599655115,84.41494835063266
0,10,0,40,0.7458629767020738,0.0076041965643056,0.0017140069774599,66.33061579009211,0.007203970616939048,0.0027243625522380514,2.037858438712503,,False,outside the equivalent-incidence map,,
0,10,0,55,0.752161125298497,0.0074896316216915,0.001593685924045,73.25709635714551,0.007095435484615223,0.0025331158557659206,2.037858438712503,,False,outside the equivalent-incidence map,,
0,10,0,70,0.7592579273185375,0.0073780489780185,0.0015179045990409,78.48577518100554,0.006989725686139744,0.0024126637183387372,2.037858438712503,,False,outside the equivalent-incidence map,,
0,10,5,40,0.9422968311757308,0.013444080101062,0.0013464565955377,67.06474660251315,0.01128562161049461,0.0019379667495009678,2.3574968394718616,,False,outside the fitted design box,,
0,10,5,55,0.9556101065608756,0.0129111575597723,0.0012527967224998,74.30807732867207,0.01083826023630705,0.0018031612754058689,2.3574968394718616,,False,outside the fitted design box,,
0,10,5,70,0.9696664595760182,0.0124179087436282,0.0011929260114534,79.65965900289723,0.010424202936961816,0.0017169888375705678,2.3574968394718616,,False,outside the fitted design box,,
0,10,10,40,1.0874534653087196,0.0236551913586158,0.0010482742318077,65.98960064487336,0.017595299135405383,0.001366251087195405,2.67713524023122,,False,outside the fitted design box,,
0,10,10,55,1.106996563512752,0.0224298635559043,0.0009740694335469,73.81267890008603,0.016683870903826732,0.0012695374761738838,2.67713524023122,,False,outside the fitted design box,,
0,10,10,70,1.125789206081189,0.0214836279289213,0.0009254582786035,79.7033842142667,0.01598003813169066,0.0012061809218715666,2.67713524023122,,False,outside the fitted design box,,
3,-10,-10,40,-0.8614762352234044,0.0013373648132966,0.0097638784071296,67.00461195482708,0.0020387329087246547,0.02906080963036457,0.22888527543467635,,False,outside the fitted design box,,
3,-10,-10,55,-0.8542079244601654,0.0012491176655719,0.0111591471119471,74.33196717091286,0.001904205394333164,0.03321363052009408,0.22888527543467635,,False,outside the fitted design box,,
3,-10,-10,70,-0.8613203865305686,0.001199295382882,0.0114265590979558,79.75343763760105,0.0018282542953526983,0.03400954465321172,0.22888527543467635,,False,outside the fitted design box,,
3,-10,-5,40,-0.7010407427515549,0.0017187434655775,0.0036391604712057,65.00993198631215,0.002321652928732409,0.009808174875698628,0.5485236761940347,,False,outside the fitted design box,,
3,-10,-5,55,-0.6857084954350685,0.0016116364286284,0.0045873841255118,72.43872529576673,0.0021769743475474174,0.012363803707209567,0.5485236761940347,,False,outside the fitted design box,,
3,-10,-5,70,-0.6824449745666109,0.0015733375436091,0.0053640057088133,78.09379424424625,0.002125240787331456,0.014456934900937713,0.5485236761940347,,False,outside the fitted design box,,
3,-10,0,40,-0.4470716813730326,0.0022112857160882,0.0021708499227572,64.51394561494827,0.0026467132535775676,0.005298079140554371,0.8681620769533932,,False,outside the fitted design box,,
3,-10,0,55,-0.444003035773072,0.0021297593908797,0.0022386942849105,71.43943766766404,0.0025491334592185988,0.005463657053684397,0.8681620769533932,,False,outside the fitted design box,,
3,-10,0,70,-0.4403725928957765,0.0020775791655193,0.0025640814546825,76.90812780986771,0.0024866783485871483,0.00625778241384909,0.8681620769533932,,False,outside the fitted design box,,
3,-10,5,40,-0.1744737087672314,0.0030056105332187,0.0016367508088156,64.92873270479382,0.003187649270957363,0.00361720274678681,1.1878004777127515,,False,outside the fitted design box,,
3,-10,5,55,-0.175605174265282,0.0028804885472007,0.001514734052787,71.74733179846083,0.0030549491080111373,0.003347546949041979,1.1878004777127515,,False,outside the fitted design box,,
3,-10,5,70,-0.1757194987039527,0.0027927017398302,0.0015068152965541,76.93565256277014,0.0029618453776969586,0.00333004657779273,1.1878004777127515,,False,outside the fitted design box,,
3,-10,10,40,0.0963615199293615,0.0042536973432608,0.0013503809989644,65.80724443128273,0.003997423933573672,0.0027023914180354493,1.50743887847211,0.983313850637908,True,,65.39479534899586,64.61601914193834
3,-10,10,55,0.0966238994565209,0.0041037792434094,0.0012212807866916,72.6911765335848,0.0038565379814098845,0.0024440352163559807,1.50743887847211,0.983313850637908,True,,72.1188631228299,71.72351781551004
3,-10,10,70,0.0968977324429028,0.0040023403997896,0.0011630389966216,77.91261888820357,0.0037612105454035926,0.0023274813594986246,1.50743887847211,0.983313850637908,True,,77.25261862609753,77.08722180937006
3,-5,-10,40,-0.5759683726690922,0.0016892588548529,0.0033219648776142,64.76548309071117,0.00228182555820722,0.008953277193564892,0.5485236761940347,,False,outside the fitted design box,,
3,-5,-10,55,-0.5566618679913663,0.001578600877875,0.004150393148872,72.15778147747159,0.0021323504204198464,0.011186036485374072,0.5485236761940347,,False,outside the fitted design box,,
3,-5,-10,70,-0.5500486844742366,0.0015309827802567,0.0049800069035602,77.85841965307648,0.0020680286074149915,0.013421990862667833,0.5485236761940347,,False,outside the fitted design box,,
3,-5,-5,40,-0.3252754473860779,0.0022177388547919,0.002009039510743,64.39291465999872,0.0026544370893578084,0.004903171892646555,0.8681620769533932,,False,outside the fitted design box,,
3,-5,-5,55,-0.3214382886884024,0.0021316007844533,0.0020985670230256,71.33277292157365,0.002551337444321402,0.005121668731307667,0.8681620769533932,,False,outside the fitted design box,,
3,-5,-5,70,-0.317152370633912,0.0020707617455155,0.0023181594459126,76.71717774090027,0.002478518500337786,0.005657596168264594,0.8681620769533932,,False,outside the fitted design box,,
3,-5,0,40,-0.0548593952386549,0.0030100372179436,0.0015808711252051,64.87960402346044,0.003192344063639293,0.003493709210717172,1.1878004777127515,,False,outside the fitted design box,,
3,-5,0,55,-0.0554141320120114,0.0029046956336869,0.0015348013161561,71.78917171216835,0.003080622328389129,0.0033918953982917024,1.1878004777127515,,False,outside the fitted design box,,
3,-5,0,70,-0.0546761068380392,0.0028388247387976,0.0015308653932849,77.00557254829516,0.0030107618764940772,0.0033831970485220463,1.1878004777127515,,False,outside the fitted design box,,
3,-5,5,40,0.2120917842601583,0.0043037682115835,0.0013424329901933,65.84142930278347,0.004044478171629675,0.0026864858101292638,1.50743887847211,0.983313850637908,True,,65.41217103652879,64.6167248654133
3,-5,5,55,0.2128892649203337,0.0041885147349424,0.0012411561314324,72.77779200152602,0.003936168395739618,0.00248380988817025,1.50743887847211,0.983313850637908,True,,72.19768580102036,71.7634166881457
3,-5,5,70,0.214315606938729,0.0041106566825086,0.0011823232236145,78.01646167665793,0.003863001073971087,0.0023660730825523597,1.50743887847211,0.983313850637908,True,,77.34627983071013,77.13780746859557
3,-5,10,40,0.4649121569524586,0.0067307919636904,0.001128485364785,67.22146724061801,0.00560474147825319,0.0020449821079657946,1.8270772792314685,11.588457064115042,True,,64.54861432992628,65.0066422179315
3,-5,10,55,0.467654768823249,0.0065189215017375,0.001019819094207,74.1763870053636,0.005428316598011757,0.00184806278051513,1.8270772792314685,11.588457064115042,True,,75.57576161049562,76.09902994279403
3,-5,10,70,0.471351988482756,0.0063467493809436,0.000954047464922,79.41774517616761,0.005284948591391136,0.0017288748767134627,1.8270772792314685,11.588457064115042,True,,83.62312223517,84.1597869622263
3,0,-10,40,-0.1895078214137713,0.0023934158052201,0.0023554798980938,64.85565695950334,0.0028647068476543255,0.005748678793159335,0.8681620769533932,,False,outside the fitted design box,,
3,0,-10,55,-0.1793478118072843,0.0022763229942501,0.0023722962516968,71.70601876236256,0.0027245571182737236,0.005789720032956826,0.8681620769533932,,False,outside the fitted design box,,
3,0,-10,70,-0.1750083969869642,0.0021983545258825,0.0025819217616188,77.05711563523207,0.002631235763602865,0.006301322668313226,0.8681620769533932,,False,outside the fitted design box,,
3,0,-5,40,0.0732773300226957,0.0032350089105779,0.0016618267073682,65.17644175119813,0.0034309414614344747,0.0036726202291757436,1.1878004777127515,,False,outside the fitted design box,,
3,0,-5,55,0.0784539938276051,0.0031150913831396,0.0016080120847289,72.06751162068802,0.003303760971916975,0.00355369045698334,1.1878004777127515,,False,outside the fitted design box,,
3,0,-5,70,0.0809701750226889,0.0030443054620294,0.0016894099387367,77.33858445111271,0.003228687808801814,0.003733578891749183,1.1878004777127515,,False,outside the fitted design box,,
3,0,0,40,0.3357932507492957,0.0046340116887356,0.0013604762573366,66.10537027935784,0.00435482539968667,0.002722594116095335,1.50743887847211,0.983313850637908,True,,65.61298295885798,64.67502671702925
3,0,0,55,0.3391665592516484,0.0045021088476681,0.0013443958535478,73.10251916740313,0.004230869337174382,0.002690413905302437,1.50743887847211,0.983313850637908,True,,72.50707806796696,71.91924253228603
3,0,0,70,0.3427024641870838,0.0044165916165188,0.0013350191765616,78.3535724698579,0.004150504280861487,0.0026716492370816684,1.50743887847211,0.983313850637908,True,,77.72092816942444,77.36360130050255
3,0,5,40,0.583490901210255,0.0070434732340154,0.0011944884935211,67.40086193343147,0.005865111683530276,0.0021645895229550024,1.8270772792314685,11.588457064115042,True,,64.73975133796306,65.16790440487135
3,0,5,55,0.5884901267933992,0.0067981982705453,0.0011084878597176,74.3686177669365,0.005660870820233087,0.002008743676043747,1.8270772792314685,11.588457064115042,True,,75.76135026861257,76.2730239922752
3,0,5,70,0.5946810983764523,0.0065946224246641,0.0010604504423344,79.61737813659681,0.005491352880362718,0.001921692782760567,1.8270772792314685,11.588457064115042,True,,83.79199225482267,84.32827295813874
3,0,10,40,0.8131951454020757,0.011077902152718,0.0009875171536706,68.49285125540764,0.008173776117506207,0.0016204658260038772,2.1467156799908267,,False,outside the equivalent-incidence map,,
3,0,10,55,0.8231351113190264,0.0104764863391601,0.0009029984716877,75.60332890517877,0.007730024390348731,0.0014817749330881438,2.1467156799908267,,False,outside the equivalent-incidence map,,
3,0,10,70,0.8335054265642158,0.0100359285313863,0.0008555639849821,80.91696436415829,0.007404960958850661,0.0014039373336148086,2.1467156799908267,,False,outside the equivalent-incidence map,,
3,5,-10,40,0.2089147423254856,0.0037243030411292,0.0024943696305842,66.14069386912169,0.003949870331724696,0.005512531675960992,1.1878004777127515,,False,outside the fitted design box,,
3,5,-10,55,0.2073383792922924,0.0036055539237116,0.0022996705597984,72.93421439600203,0.003823929018510812,0.005082248697116544,1.1878004777127515,,False,outside the fitted design box,,
3,5,-10,70,0.2076026239673047,0.0035252094651821,0.0022219517255995,78.12454388809569,0.0037387183926408138,0.004910490858948889,1.1878004777127515,,False,outside the fitted design box,,
3,5,-5,40,0.4607837128980181,0.0053717016341061,0.0019008438533835,66.9404809460302,0.005048071581823397,0.0038039813358958755,1.50743887847211,0.983313850637908,True,,66.50024336145567,65.01312921218425
3,5,-5,55,0.4622382726525897,0.005209993213044,0.0017777213806351,73.807119921991,0.004896105642441703,0.0035575878262287925,1.50743887847211,0.983313850637908,True,,73.31583355412313,72.29511828271858
3,5,-5,70,0.4656810644502149,0.0050759138773563,0.0017084860734803,79.00763612573594,0.004770104213044094,0.0034190336700138674,1.50743887847211,0.983313850637908,True,,78.47404670645247,77.76327738541069
3,5,0,40,0.7058547193407221,0.0079961954708018,0.0014738464901971,67.90941921632853,0.0066584450485453455,0.002670827461652975,1.8270772792314685,11.588457064115042,True,,65.28657648035303,65.60903861409554
3,5,0,55,0.7122526643890662,0.0076228060915449,0.0013869639012736,74.88279356240322,0.006347523101655618,0.0025133833818388293,1.8270772792314685,11.588457064115042,True,,76.25890926325758,76.71868644862066
3,5,0,70,0.7199767281470413,0.0073284877547322,0.0013347985280013,80.09682634900416,0.006102443741151925,0.002418852022969559,1.8270772792314685,11.588457064115042,True,,84.25118495767833,84.76916956215607
3,5,5,40,0.9350096571260657,0.0119477649287706,0.0011740956418612,68.67060199759685,0.00881560012771936,0.0019266317116864934,2.1467156799908267,,False,outside the equivalent-incidence map,,
3,5,5,55,0.947258645691714,0.0112642184411949,0.0011062003388041,75.85441635090514,0.00831124868298479,0.0018152189448892224,2.1467156799908267,,False,outside the equivalent-incidence map,,
3,5,5,70,0.9596856469853388,0.0107704473606569,0.0010630898056626,81.20535038630791,0.00794692209750159,0.0017444767350582925,2.1467156799908267,,False,outside the equivalent-incidence map,,
3,5,10,40,1.1193371757933075,0.0188612788487625,0.0009238586390062,67.86174463169036,0.01233139315754892,0.0013727846028107958,2.466354080750185,,False,outside the fitted design box,,
3,5,10,55,1.1383074027306048,0.017716483103378,0.000872166807722,75.9881255118953,0.011582932433617054,0.0012959744209475,2.466354080750185,,False,outside the fitted design box,,
3,5,10,70,1.156469013411284,0.0168829407609585,0.0008373100492748,81.88615056389168,0.011037967353557623,0.0012441798938630482,2.466354080750185,,False,outside the fitted design box,,
3,10,-10,40,0.5674944773024387,0.0067539930059421,0.0022873057915972,67.77983860889724,0.0063470837510140226,0.004577371531719848,1.50743887847211,0.983313850637908,True,,67.28440822411271,65.13926560107367
3,10,-10,55,0.5718479193407,0.0064331985968047,0.0020458346664112,74.59631621246386,0.006045616310958815,0.004094137913277018,1.50743887847211,0.983313850637908,True,,74.02476205027682,72.48264364345746
3,10,-10,70,0.5784125135709514,0.0061655208212731,0.0019147082439004,79.7354197800399,0.005794065375373088,0.0038317268462206623,1.50743887847211,0.983313850637908,True,,79.11997077231163,77.9817368226251
3,10,-5,40,0.813820812659779,0.0096660457171441,0.0017898523168032,68.53438093476205,0.008048932080180557,0.0032434766794348425,1.8270772792314685,11.588457064115042,True,,66.09201206725055,66.18829049196118
3,10,-5,55,0.8226769855095635,0.0090754491678071,0.0016284235071976,75.48453712815689,0.007557141367462199,0.0029509438405915466,1.8270772792314685,11.588457064115042,True,,77.00598050898088,77.32919363145582
3,10,-5,70,0.8329593146315569,0.0086380591357529,0.0015316728419889,80.69506497238402,0.007192925972297236,0.002775617349473715,1.8270772792314685,11.588457064115042,True,,84.96418916452676,85.40596038982619
3,10,0,40,1.0418353925534165,0.0139373323406796,0.0013743151278119,68.78567593942947,0.010283592746849004,0.0022551817864646345,2.1467156799908267,,False,outside the equivalent-incidence map,,
3,10,0,55,1.057970440084735,0.012998223267267,0.00127277861947,76.19772399476814,0.009590675693586357,0.0020885654990936003,2.1467156799908267,,False,outside the equivalent-incidence map,,
3,10,0,70,1.073393811009294,0.0123412369889881,0.0012084178835573,81.59276056406549,0.009105921569845717,0.0019829527786508934,2.1467156799908267,,False,outside the equivalent-incidence map,,
3,10,5,40,1.215086105886137,0.0217366322548411,0.0010615352725489,67.27299192155407,0.014211282299826192,0.0015773617477488479,2.466354080750185,,False,outside the fitted design box,,
3,10,5,55,1.237881526338948,0.0202798129450225,0.0009942866812616,75.64761894415756,0.013258822404983968,0.001477435388041665,2.466354080750185,,False,outside the fitted design box,,
3,10,5,70,1.2594320914447814,0.0192328741650916,0.0009502153030637,81.7717550165316,0.01257433998941014,0.0014119486275565231,2.466354080750185,,False,outside the fitted design box,,
3,10,10,40,1.3582083233849338,0.0334158466616141,0.0008425037162911,65.29022346816564,0.019358391710482297,0.0011336274338263458,2.7859924815095436,,False,outside the fitted design box,,
3,10,10,55,1.383862433665633,0.0314861359246542,0.0007877083249742,73.57010791329357,0.018240476108574013,0.0010598977188791597,2.7859924815095436,,False,outside the fitted design box,,
3,10,10,70,1.407958065408913,0.0300822221594166,0.0007513349921216,79.89013568346957,0.017427164003379705,0.0010109557294444716,2.7859924815095436,,False,outside the fitted design box,,
6,-10,-10,40,-0.6654599320269489,0.0020022474087054,0.0029091214565935,66.05117375860712,0.0023772496714451487,0.008939024190008114,0.33774251671299965,,False,outside the fitted design box,,
6,-10,-10,55,-0.6673588053754781,0.0018999613931727,0.0024729440051179,72.99571550724977,0.0022558064393244166,0.007598756742239845,0.33774251671299965,,False,outside the fitted design box,,
6,-10,-10,70,-0.6701463334936067,0.0018368111517997,0.0022720352132932,78.40557132020463,0.002180828746806032,0.006981412785686969,0.33774251671299965,,False,outside the fitted design box,,
6,-10,-5,40,-0.3682458506099282,0.0025566455491228,0.0017245819360185,66.07317616692296,0.0026896970906832105,0.004798591039047626,0.657380917472358,,False,outside the fitted design box,,
6,-10,-5,55,-0.371272030241805,0.0024629595201381,0.0015938157400988,73.3642122176,0.0025911355049036454,0.004434738511750896,0.657380917472358,,False,outside the fitted design box,,
6,-10,-5,70,-0.3758121749514873,0.0024077330301857,0.0015288056933025,78.95118898125102,0.0025330349483346747,0.004253850250376085,0.657380917472358,,False,outside the fitted design box,,
6,-10,0,40,-0.090508613826535,0.0034336827397332,0.0015034521219091,66.94883736409764,0.003200875718631648,0.0037880975568295653,0.9770193182317165,,False,outside the fitted design box,,
6,-10,0,55,-0.0919419661996463,0.0033326296547102,0.0013765838987685,74.34772939684854,0.003106674130814576,0.003468440416362759,0.9770193182317165,,False,outside the fitted design box,,
6,-10,0,70,-0.0938913953804871,0.0032707263850367,0.0012953284052661,79.96042111994436,0.0030489679628832866,0.00326370909706769,0.9770193182317165,,False,outside the fitted design box,,
6,-10,5,40,0.1776332077590749,0.0048723716052644,0.0013203334564985,68.14646573159057,0.0040246196714916384,0.003012429055361466,1.2966577189910748,,False,outside the fitted design box,,
6,-10,5,55,0.1782443273230999,0.0047181733977145,0.0011826850835989,75.5655615942768,0.0038972506631952367,0.002698375089747624,1.2966577189910748,,False,outside the fitted design box,,
6,-10,5,70,0.1786570095851111,0.0046042342034915,0.0010948443920491,81.24640817383178,0.0038031359364103716,0.0024979606791566715,1.2966577189910748,,False,outside the fitted design box,,
6,-10,10,40,0.4337445930610187,0.0070719828898474,0.0011377767451782,69.47543241982802,0.005176085466316877,0.002350671270657709,1.6162961197504333,5.856590952900344,True,,68.77100592509255,67.66117077043387
6,-10,10,55,0.4377642326459119,0.0067320426393131,0.0010074762108505,76.86136148897687,0.004927278332926785,0.0020814675592147397,1.6162961197504333,5.856590952900344,True,,75.96373471580297,75.37456038217955
6,-10,10,70,0.4418416485958308,0.0064863682553968,0.0009258777024792,82.51875712682077,0.004747465736114499,0.0019128832827564476,1.6162961197504333,5.856590952900344,True,,81.48875700700745,81.23961286637437
6,-5,-10,40,-0.2601795710541851,0.0027128564538605,0.0029876842377427,66.9363456504921,0.002854037437412206,0.00831313056881176,0.657380917472358,,False,outside the fitted design box,,
6,-5,-10,55,-0.2628144457371463,0.0026121325566625,0.0023887654603718,73.93084936430719,0.0027480717225524796,0.00664665928195344,0.657380917472358,,False,outside the fitted design box,,
6,-5,-10,70,-0.2647003768448718,0.0025469248342442,0.0020973741188091,79.39318299098743,0.0026794704957071092,0.0058358727073781645,0.657380917472358,,False,outside the fitted design box,,
6,-5,-5,40,0.0234037584892366,0.0037082001205309,0.0018308874408219,67.46678786975295,0.0034567805546754085,0.004613103497170565,0.9770193182317165,,False,outside the fitted design box,,
6,-5,-5,55,0.0246752005899232,0.0035906082303304,0.0015152488925174,74.68133065162041,0.0033471615087177654,0.0038178206968408584,0.9770193182317165,,False,outside the fitted design box,,
6,-5,-5,70,0.0245045053656123,0.0035121226250549,0.0013394637208834,80.250456106897,0.003273997303626419,0.0033749124262748066,0.9770193182317165,,False,outside the fitted design box,,
6,-5,0,40,0.2916646318923959,0.005201836152295,0.0011774855222997,68.32780093821097,0.00429676014115651,0.0026865119430131757,1.2966577189910748,,False,outside the fitted design box,,
6,-5,0,55,0.2933162443473682,0.0050063689174432,0.0010542991209975,75.73378133264288,0.0041353025713630545,0.002405453932491887,1.2966577189910748,,False,outside the fitted design box,,
6,-5,0,70,0.2956375306962471,0.0048534455628359,0.0009902750746715,81.4090396678171,0.004008986602253051,0.002259378790303388,1.2966577189910748,,False,outside the fitted design box,,
6,-5,5,40,0.5476864298691816,0.0072639126406043,0.0010528640997672,69.5501579467647,0.005316561597116459,0.0021752399156673053,1.6162961197504333,5.856590952900344,True,,68.81235524124224,67.62845539028757
6,-5,5,55,0.5532255561763312,0.0068979326826675,0.0009598907001236,76.93995453257052,0.005048695629290169,0.0019831548687512172,1.6162961197504333,5.856590952900344,True,,76.02389586329026,75.36974111906062
6,-5,5,70,0.5591040214593207,0.0066358427482579,0.0008988802046051,82.59942695172207,0.004856868256190467,0.0018571058704466626,1.6162961197504333,5.856590952900344,True,,81.55829656902883,81.25324183693178
6,-5,10,40,0.7926261942193515,0.0104364440715314,0.0009267141976013,70.72490263017242,0.006768439992812962,0.0017337333764128786,1.9359345205097918,,False,outside the equivalent-incidence map,,
6,-5,10,55,0.8019278137362036,0.0098659919037436,0.0008312503110514,78.24626032826338,0.006398479569513799,0.0015551357820498524,1.9359345205097918,,False,outside the equivalent-incidence map,,
6,-5,10,70,0.8111205094807402,0.0094610935810715,0.0007686893669815,83.95989863270843,0.006135887255367991,0.001438094306830597,1.9359345205097918,,False,outside the equivalent-incidence map,,
6,0,-10,40,0.1403552937224433,0.004260185085353,0.0028814631116059,68.31277782488769,0.003971340403348582,0.007260133671106538,0.9770193182317165,,False,outside the fitted design box,,
6,0,-10,55,0.1374199908189582,0.0040863163209458,0.0021869525299198,75.39289283827839,0.0038092601098550904,0.00551024499867134,0.9770193182317165,,False,outside the fitted design box,,
6,0,-10,70,0.1416038503123275,0.0039522007818424,0.0018264744175031,80.85991698378463,0.003684237734421354,0.004601984444818601,0.9770193182317165,,False,outside the fitted design box,,
6,0,-5,40,0.3951806209757896,0.0058819596546473,0.0018427861942383,69.08826409497297,0.004858547838887402,0.004204439906464447,1.2966577189910748,,False,outside the fitted design box,,
6,0,-5,55,0.407484289301291,0.005565021724063,0.0015111562901511,76.32077217116657,0.004596754459110449,0.0034478041083014755,1.2966577189910748,,False,outside the fitted design box,,
6,0,-5,70,0.4163385653570415,0.0053369454209422,0.0013135678896226,81.8744469217031,0.004408361526365072,0.0029969929622043617,1.2966577189910748,,False,outside the fitted design box,,
6,0,0,40,0.6612296593356484,0.0079420326559892,0.0011989199415139,69.91062802420896,0.00581288733923489,0.0024769944317098386,1.6162961197504333,5.856590952900344,True,,69.20083123550219,67.7171088880954
6,0,0,55,0.6701827666344342,0.0075093361869809,0.0009718303941993,77.2727085226049,0.005496190602344337,0.0020078225339703673,1.6162961197504333,5.856590952900344,True,,76.33797988664035,75.43260094712177
6,0,0,70,0.6804520087114405,0.0071887647139689,0.0008595935525191,82.90336099674036,0.005261559754360341,0.0017759388007466917,1.6162961197504333,5.856590952900344,True,,81.83583288111791,81.32445190463713
6,0,5,40,0.9085181308376032,0.0109635644268765,0.0008284119268346,70.84652258227543,0.0071102980499912465,0.0015498256211993041,1.9359345205097918,,False,outside the equivalent-incidence map,,
6,0,5,55,0.9205398500664784,0.0103065224315338,0.0007746592292357,78.38562301565113,0.00668418075489012,0.0014492629599811412,1.9359345205097918,,False,outside the equivalent-incidence map,,
6,0,5,70,0.9320876624430112,0.0098402792555458,0.0007414868362511,84.09802337138488,0.006381803916849895,0.0013872027422335883,1.9359345205097918,,False,outside the equivalent-incidence map,,
6,0,10,40,1.1291122819416777,0.0156261580771471,0.0007881283078583,71.45576340490362,0.008979745776983097,0.001335165392476517,2.25557292126915,,False,outside the equivalent-incidence map,,
6,0,10,55,1.14480889393274,0.0146220790782228,0.0007175111642747,79.35933469240939,0.008402740597217628,0.001215533138072936,2.25557292126915,,False,outside the equivalent-incidence map,,
6,0,10,70,1.1599139145882702,0.0139158510488823,0.0006690958127372,85.23714269648127,0.007996898794469446,0.0011335128614340757,2.25557292126915,,False,outside the equivalent-incidence map,,
6,5,-10,40,0.5253408721230459,0.006770779846743,0.0021506957353944,69.6658763419145,0.005592720746730135,0.004906956110712965,1.2966577189910748,,False,outside the fitted design box,,
6,5,-10,55,0.5383031302705638,0.0063664582336114,0.0016088443203841,76.84361124365375,0.005258747714775737,0.003670685880467833,1.2966577189910748,,False,outside the fitted design box,,
6,5,-10,70,0.548143249568997,0.0060787365840324,0.0013682752504116,82.38700232794825,0.0050210872273123985,0.0031218114634487203,1.2966577189910748,,False,outside the fitted design box,,
6,5,-5,40,0.7711857980986981,0.0092292589479351,0.0013268926833166,70.44957313801203,0.0067550266805457,0.00274138887364035,1.6162961197504333,5.856590952900344,True,,69.78512360180743,67.76407808241981
6,5,-5,55,0.7937474579346195,0.0086190659566156,0.0011275480907054,77.84330516415628,0.006308417699272352,0.0023295386501250843,1.6162961197504333,5.856590952900344,True,,76.91049227412346,75.56610820940178
6,5,-5,70,0.8072528227722171,0.0082051857918506,0.0010528971167113,83.47830610012339,0.006005492884689948,0.002175308129385216,1.6162961197504333,5.856590952900344,True,,82.41661779412134,81.52689008783125
6,5,0,40,1.0228703790407108,0.0125714330830751,0.0009165547516526,71.1918587515541,0.008153063424980522,0.001714726685274753,1.9359345205097918,,False,outside the equivalent-incidence map,,
6,5,0,55,1.035027951432501,0.0117754868952632,0.0008100725280476,78.81529078774778,0.007636861357227519,0.0015155155525042661,1.9359345205097918,,False,outside the equivalent-incidence map,,
6,5,0,70,1.049653947859562,0.0111869062852916,0.0008008857929924,84.56749688009202,0.007255143933915398,0.0014983286471706814,1.9359345205097918,,False,outside the equivalent-incidence map,,
6,5,5,40,1.2389251959594647,0.0173998171086241,0.0008102242081078,71.40390243595724,0.009998998693732124,0.0013725979793213102,2.25557292126915,,False,outside the equivalent-incidence map,,
6,5,5,55,1.258506605600631,0.0161480471837879,0.0007953365270209,79.54480124587339,0.009279655164708096,0.0013473768111901055,2.25557292126915,,False,outside the equivalent-incidence map,,
6,5,5,70,1.2767298054564935,0.0152989597929771,0.0007657950690215,85.49907320789161,0.008791717638780103,0.0012973307311663067,2.25557292126915,,False,outside the equivalent-incidence map,,
6,5,10,40,1.4036796050415257,0.0255047990921228,0.0007172615252306,69.57894941121545,0.01298702063253182,0.0011003157320456703,2.5752113220285087,,False,outside the fitted design box,,
6,5,10,55,1.4284243994480452,0.0237764192247952,0.0006575820602263,78.97408171576741,0.01210693116714298,0.0010087643914057432,2.5752113220285087,,False,outside the fitted design box,,
6,5,10,70,1.4517460783562484,0.0225627661746196,0.0006213113801409,85.77234578692462,0.011488940131556515,0.0009531233197657577,2.5752113220285087,,False,outside the fitted design box,,
6,10,-10,40,0.8970252361773189,0.0113520385163309,0.0018492160938726,71.18971543941727,0.008308719420377116,0.0038205202940963367,1.6162961197504333,5.856590952900344,True,,70.66633130007867,67.7967368848156
6,10,-10,55,0.9025241275302252,0.0106547065337221,0.0016300084879367,78.67563143230713,0.007798332164553703,0.0033676326570735997,1.6162961197504333,5.856590952900344,True,,77.86681755982967,75.73129222672975
6,10,-10,70,0.9102393972922356,0.0101497373964245,0.0015032518615255,84.345168523161,0.007428738027631085,0.0031057507357449715,1.6162961197504333,5.856590952900344,True,,83.36214303093861,81.750330936126
6,10,-5,40,1.1303746150935776,0.0154156550056057,0.0014487986941432,71.57873541744127,0.009997651991444874,0.002710469590560998,1.9359345205097918,,False,outside the equivalent-incidence map,,
6,10,-5,55,1.14299069802267,0.0143686887810266,0.0013180514482499,79.43456236231724,0.009318653664333083,0.00246586249954414,1.9359345205097918,,False,outside the equivalent-incidence map,,
6,10,-5,70,1.1557756740562342,0.013637476172588,0.0012340738426494,85.26753097328795,0.008844433841155448,0.0023087538914342387,1.9359345205097918,,False,outside the equivalent-incidence map,,
6,10,0,40,1.323864364440391,0.0214388612331923,0.0011018138317045,70.77515905535006,0.012320080385186604,0.0018665789343888003,2.25557292126915,,False,outside the equivalent-incidence map,,
6,10,0,55,1.3465538427622332,0.019863058742176,0.0010157879011502,79.6104173288163,0.011414527933060987,0.0017208427082103332,2.25557292126915,,False,outside the equivalent-incidence map,,
6,10,0,70,1.367943778723974,0.0187743112279165,0.0009630286439338,85.89601000431375,0.010788867047953806,0.0016314634362494926,2.25557292126915,,False,outside the equivalent-incidence map,,
6,10,5,40,1.476735536312208,0.0310978102247174,0.0008351348920013,68.1603512544519,0.01583497684322866,0.0012811394836128448,2.5752113220285087,,False,outside the fitted design box,,
6,10,5,55,1.5042076320362412,0.0290228223318155,0.0007779881078915,77.7001553943006,0.014778394884671156,0.0011934734045329516,2.5752113220285087,,False,outside the fitted design box,,
6,10,5,70,1.5300821351205345,0.0275543570015765,0.0007439772652892,84.99615906403713,0.014030653666515017,0.0011412990387555482,2.5752113220285087,,False,outside the fitted design box,,
6,10,10,40,1.608192911092361,0.0447963744858735,0.0006676924366753,65.38757816425685,0.020211860199029492,0.0009275084836899899,2.894849722787867,,False,outside the fitted design box,,
6,10,10,55,1.639157237461679,0.0422373782580298,0.0006243067993321,74.7374755916333,0.019057256180275,0.0008672403954269439,2.894849722787867,,False,outside the fitted design box,,
6,10,10,70,1.6677900167168724,0.0404061979491464,0.0005969515781187,81.99613432396436,0.018231038415396764,0.0008292405644344245,2.894849722787867,,False,outside the fitted design box,,
9,-10,-10,40,-0.3016762313997395,0.0032101314486382,0.002747224889226,67.30505981544789,0.002968427778788332,0.008714959702068177,0.4465997579913232,,False,outside the fitted design box,,
9,-10,-10,55,-0.2997221652980301,0.0030726857624468,0.0021807596827653,75.0038528801628,0.0028413309294869566,0.006917974873381802,0.4465997579913232,,False,outside the fitted design box,,
9,-10,-10,70,-0.2998712662754483,0.0029881843315257,0.0018854741642386,81.13362491955657,0.0027631919501626156,0.005981247267041018,0.4465997579913232,,False,outside the fitted design box,,
9,-10,-5,40,-0.0139341302383549,0.0043417330198844,0.0014341121571878,67.64382160194276,0.003557480929948657,0.004119608400816645,0.7662381587506816,,False,outside the fitted design box,,
9,-10,-5,55,-0.0125205515471164,0.0041635243140089,0.0012349052931425,75.77174716003564,0.0034114622618731613,0.003547369844363287,0.7662381587506816,,False,outside the fitted design box,,
9,-10,-5,70,-0.0123213972263496,0.0040365839257252,0.0011371109165932,82.11377897149349,0.003307451257859017,0.0032664472309080514,0.7662381587506816,,False,outside the fitted design box,,
9,-10,0,40,0.2540780831656183,0.0057828880298201,0.0012375917493873,68.655596758661,0.004198556917740517,0.003219228989820841,1.08587655951004,,False,outside the fitted design box,,
9,-10,0,55,0.25717525300811,0.0054895394931337,0.0011192708642416,76.80475308230871,0.003985576738691113,0.0029114521936755254,1.08587655951004,,False,outside the fitted design box,,
9,-10,0,70,0.2598233994005884,0.0052852548746329,0.0010454349686615,83.1548951225298,0.003837259739680983,0.0027193899440212926,1.08587655951004,,False,outside the fitted design box,,
9,-10,5,40,0.5146768772941319,0.007533079254752,0.001122330663578,69.60575348659106,0.004846225223564221,0.002643607285189102,1.4055149602693984,,False,outside the fitted design box,,
9,-10,5,55,0.5207172336391678,0.007140137126149,0.0010008660214753,77.83362822064981,0.004593435362919171,0.0023575019303448356,1.4055149602693984,,False,outside the fitted design box,,
9,-10,5,70,0.5262946427280603,0.0068653252775375,0.0009230866106811,84.20170279653757,0.004416641774608623,0.0021742954799768574,1.4055149602693984,,False,outside the fitted design box,,
9,-10,10,40,0.7639577113265685,0.0103621250208088,0.000983112808185,70.7061820995735,0.00590684643480195,0.0020969163815532025,1.7251533610287568,9.779516440715348,True,,67.93527482428769,67.86230864042902
9,-10,10,55,0.7731932595297298,0.0097882124419976,0.0008678367772089,79.01721551858718,0.005579692162562303,0.0018510400225619243,1.7251533610287568,9.779516440715348,True,,77.3046643777513,77.49713621629058
9,-10,10,70,0.7820393309627577,0.0093806012275587,0.0007937140414931,85.43940398024043,0.005347336652089436,0.0016929409951929805,1.7251533610287568,9.779516440715348,True,,84.39693010934809,84.740496297318
9,-5,-10,40,0.1003151196070755,0.0047988944823157,0.0029972432546169,68.6619218042021,0.003932064806262197,0.00860983461378877,0.7662381587506816,,False,outside the fitted design box,,
9,-5,-10,55,0.0994230203318461,0.0045627623611681,0.0023112662116273,76.44220586526906,0.003738585494180203,0.006639307570346901,0.7662381587506816,,False,outside the fitted design box,,
9,-5,-10,70,0.1010152271128977,0.0043966686546959,0.0019612450986764,82.6186041307597,0.0036024934796198343,0.005633842335184758,0.7662381587506816,,False,outside the fitted design box,,
9,-5,-5,40,0.3710591047072301,0.0062181164142639,0.0018473080845964,69.23407467192445,0.004514546287564161,0.004805225747511086,1.08587655951004,,False,outside the fitted design box,,
9,-5,-5,55,0.3763333064136859,0.0059060583283444,0.0015165841800804,77.2418269780891,0.004287982392738941,0.003944945302387127,1.08587655951004,,False,outside the fitted design box,,
9,-5,-5,70,0.3804962119307047,0.0056863818101765,0.0013181141436192,83.50583318311888,0.004128490394923504,0.003428684188572326,1.08587655951004,,False,outside the fitted design box,,
9,-5,0,40,0.6302232844916457,0.0082328368630592,0.0011100871399983,69.92258351799944,0.005296397438282407,0.002614768130043422,1.4055149602693984,,False,outside the fitted design box,,
9,-5,0,55,0.6368449792747082,0.0078011274335963,0.0009247764328387,78.15766458978146,0.005018667567725974,0.0021782757919397004,1.4055149602693984,,False,outside the fitted design box,,
9,-5,0,70,0.6437027068254024,0.0074882858516789,0.0008240878959771,84.54775895346481,0.004817408465837267,0.0019411077645298726,1.4055149602693984,,False,outside the fitted design box,,
9,-5,5,40,0.8775911911949524,0.0109471929330737,0.0008609929332356,70.87405541342035,0.0062403597155951205,0.0018364425435941736,1.7251533610287568,9.779516440715348,True,,68.16412635484991,67.99697775799875
9,-5,5,55,0.8873386508227978,0.0102951842771241,0.0007792080776437,79.19455275085053,0.005868687399625003,0.0016620007073920495,1.7251533610287568,9.779516440715348,True,,77.52078407629114,77.64787076361944
9,-5,5,70,0.8973396167771556,0.0098342541582932,0.0007255843903288,85.61464994928158,0.005605937874441545,0.001547624831669819,1.7251533610287568,9.779516440715348,True,,84.59958754857098,84.89715417087218
9,-5,10,40,1.1088206065557324,0.0146360331595625,0.0007785538421186,71.70940656684054,0.007392750216108941,0.0015037237442683752,2.0447917617881153,,False,outside the equivalent-incidence map,,
9,-5,10,55,1.1226224282173736,0.0136984107463482,0.0006986400954297,80.23669538300858,0.006919151378066556,0.0013493757828447368,2.0447917617881153,,False,outside the equivalent-incidence map,,
9,-5,10,70,1.1361878974828192,0.0130472782206217,0.0006440101083429,86.71091430017718,0.006590260341280737,0.0012438616818444082,2.0447917617881153,,False,outside the equivalent-incidence map,,
9,0,-10,40,0.498235064619109,0.0071259903990286,0.0027850063673944,69.92944603965329,0.0051736910919447255,0.0072443705601546796,1.08587655951004,,False,outside the fitted design box,,
9,0,-10,55,0.4955062730804885,0.0067465875629816,0.0021318264026372,77.88454010049512,0.00489823280990964,0.005545316022050701,1.08587655951004,,False,outside the fitted design box,,
9,0,-10,70,0.5005965358985801,0.0064666074334474,0.0017820990156539,84.09969576904297,0.0046949585110430455,0.004635603636469339,1.08587655951004,,False,outside the fitted design box,,
9,0,-5,40,0.7265136159898633,0.0095058518955426,0.0016764764671962,70.61085617066573,0.006115361019012792,0.003948876695571055,1.4055149602693984,,False,outside the fitted design box,,
9,0,-5,55,0.7427400366179261,0.0089157478557427,0.0013784104609356,78.79590771313495,0.005735731788323175,0.003246793529540744,1.4055149602693984,,False,outside the fitted design box,,
9,0,-5,70,0.7576685211449722,0.0084935040248872,0.0012035569685026,85.11969788623935,0.005464091382801691,0.0028349327638703147,1.4055149602693984,,False,outside the fitted design box,,
9,0,0,40,1.0024975715501678,0.0120432611618057,0.0013058546982177,71.27171880074359,0.006865164636997233,0.0027853040727607195,1.7251533610287568,9.779516440715348,True,,68.5695869311646,68.22476577437189
9,0,0,55,1.0061764641956632,0.0113402573409049,0.00101417306488,79.59570213825435,0.006464422935386695,0.002163165911146084,1.7251533610287568,9.779516440715348,True,,77.93410826230186,77.92103326230955
9,0,0,70,1.0138900885588649,0.0108348374494726,0.0008487751310377,86.01245371343053,0.006176312371405887,0.0018103827574108852,1.7251533610287568,9.779516440715348,True,,85.00672136637328,85.19279054073722
9,0,5,40,1.215999478377379,0.0158677620839864,0.0006877446437532,71.88845296776618,0.008014904058816866,0.0013283319596636728,2.0447917617881153,,False,outside the equivalent-incidence map,,
9,0,5,55,1.230995303582814,0.0147999406982308,0.0005831469934826,80.47597885454564,0.007475540920304652,0.0011263087188835951,2.0447917617881153,,False,outside the equivalent-incidence map,,
9,0,5,70,1.246715740249947,0.0140536205185999,0.0005261756204208,86.98924388277732,0.00709857001506671,0.0010162723902676096,2.0447917617881153,,False,outside the equivalent-incidence map,,
9,0,10,40,1.4196805101055006,0.0212768972815938,0.0006322623525759,72.41158115534145,0.00952284554186609,0.0011058045561344262,2.3644301625474737,,False,outside the equivalent-incidence map,,
9,0,10,55,1.4417846071250806,0.0197114468029502,0.0005794134120713,81.28257658279776,0.008822200945322422,0.0010133736230593016,2.3644301625474737,,False,outside the equivalent-incidence map,,
9,0,10,70,1.4625480510442477,0.0186546232779089,0.0005414695128764,87.9634527357747,0.008349201190669056,0.0009470110815663873,2.3644301625474737,,False,outside the equivalent-incidence map,,
9,5,-10,40,0.8428916350192134,0.0110897458332072,0.0021476416297912,71.23877059918388,0.007134321060793654,0.005058688355169256,1.4055149602693984,,False,outside the fitted design box,,
9,5,-10,55,0.8573235318669057,0.0103626883512194,0.001721681798609,79.39502888731502,0.00666658612942841,0.004055356138154654,1.4055149602693984,,False,outside the fitted design box,,
9,5,-10,70,0.8734881703004589,0.0098411132214341,0.0014651271519079,85.72166278888236,0.006331043323562562,0.003451051404195108,1.4055149602693984,,False,outside the fitted design box,,
9,5,-5,40,1.0889094973017754,0.0143098881523335,0.0014087618346293,71.76326101160403,0.00815723721198919,0.0030047983752697024,1.7251533610287568,9.779516440715348,True,,69.27201771906064,68.55403855668199
9,5,-5,55,1.0964709047310774,0.0133844624329919,0.0010914910353584,80.21270751952564,0.007629705687327051,0.002328080168731562,1.7251533610287568,9.779516440715348,True,,78.6312102203642,78.32851745483198
9,5,-5,70,1.1139832545028074,0.0126701434850056,0.0009393126837359,86.63388962589474,0.00722251388808209,0.0020034935335272986,1.7251533610287568,9.779516440715348,True,,85.67473191454822,85.63885468688042
9,5,0,40,1.3210241330084678,0.018757827188225,0.0008504975125386,72.23590079139097,0.009474693688356586,0.0016426780459592946,2.0447917617881153,,False,outside the equivalent-incidence map,,
9,5,0,55,1.340190099133832,0.0173113489376771,0.0007325313847436,80.9583153151234,0.008744068642433657,0.0014148345009296667,2.0447917617881153,,False,outside the equivalent-incidence map,,
9,5,0,70,1.358277507112167,0.0163375142205486,0.0006491576092412,87.53763769372279,0.00825217874733579,0.0012538037294019069,2.0447917617881153,,False,outside the equivalent-incidence map,,
9,5,5,40,1.5063349095178111,0.0254150787775897,0.0005888266274421,72.5393982023167,0.011374960664152632,0.0010298370047591564,2.3644301625474737,,False,outside the equivalent-incidence map,,
9,5,5,55,1.533661372462623,0.0233423278011281,0.0005154297811904,81.64648215958634,0.01044726490408186,0.0009014685092123894,2.3644301625474737,,False,outside the equivalent-incidence map,,
9,5,5,70,1.5590405443116957,0.0219500089351328,0.0004682768905494,88.42708711526075,0.009824108372825333,0.000818999766461386,2.3644301625474737,,False,outside the equivalent-incidence map,,
9,5,10,40,1.6476080659832133,0.0360988888821534,0.0004937859930019,71.36237707095502,0.01431621042903229,0.0007820264915111941,2.684068563306832,,False,outside the fitted design box,,
9,5,10,55,1.6796257351384214,0.0334598811472177,0.0004806253196895,81.70995537013167,0.01326962447508451,0.000761183463717205,2.684068563306832,,False,outside the fitted design box,,
9,5,10,70,1.7082443141815902,0.0316506461292174,0.0004706313737618,89.09701606697683,0.012552112384398764,0.00074535569504625,2.684068563306832,,False,outside the fitted design box,,
9,10,-10,40,1.1808808977645375,0.0180246700258442,0.0014623156107356,72.26786671188583,0.010274818887712003,0.003119025134880997,1.7251533610287568,9.779516440715348,True,,70.18799459639162,68.86901568828286
9,10,-10,55,1.2121018219093351,0.0165228488842535,0.0011978963574255,80.88811926595784,0.009418717765779891,0.00255503587622445,1.7251533610287568,9.779516440715348,True,,79.49320378247559,78.73610593119388
9,10,-10,70,1.2347546089601322,0.0155244885524695,0.0010347503673036,87.40771393906638,0.008849610449027432,0.0022070559735895604,1.7251533610287568,9.779516440715348,True,,86.52846586039772,86.12384920309623
9,10,-5,40,1.4016735030886822,0.0237274541976071,0.0009141266886004,72.55442932217574,0.01198488280497434,0.0017655734678250392,2.0447917617881153,,False,outside the equivalent-incidence map,,
9,10,-5,55,1.4327783633323743,0.0216336327599571,0.0008339994188615,81.51389681201395,0.010927280740471826,0.0016108131011663821,2.0447917617881153,,False,outside the equivalent-incidence map,,
9,10,-5,70,1.4580013438628374,0.0202498514554413,0.0008061900229445,88.22593425042075,0.010228324306957397,0.00155710114613915,2.0447917617881153,,False,outside the equivalent-incidence map,,
9,10,0,40,1.5652670707404013,0.0330417620527232,0.0007409586080623,71.88183566380843,0.014788415448683574,0.0012959104734991387,2.3644301625474737,,False,outside the equivalent-incidence map,,
9,10,0,55,1.5954296819131977,0.0303904993596693,0.0007121907703889,81.89067477738695,0.013601796705230533,0.0012455965399875552,2.3644301625474737,,False,outside the equivalent-incidence map,,
9,10,0,70,1.6229846876033678,0.0285913903743088,0.0006937216824673,89.01638939936964,0.012796574178946472,0.0012132947565773196,2.3644301625474737,,False,outside the equivalent-incidence map,,
9,10,5,40,1.6955149654173645,0.045041007101582,0.0006184175293357,69.49631997915327,0.01786250368278151,0.0009794099014743772,2.684068563306832,,False,outside the fitted design box,,
9,10,5,55,1.7285405125837647,0.0419392475300679,0.0005937690917187,80.55774303705532,0.016632398155959766,0.0009403732915582656,2.684068563306832,,False,outside the fitted design box,,
9,10,5,70,1.7587146015502868,0.0398307954330238,0.00057174733505,88.62094809082294,0.015796221618799348,0.0009054966499592593,2.684068563306832,,False,outside the fitted design box,,
9,10,10,40,1.801314191081774,0.0605627348033077,0.0005477095040613,66.74938269137058,0.02128215061009662,0.0007854790800328002,3.0037069640661906,,False,outside the fitted design box,,
9,10,10,55,1.8380813250005856,0.0570734312088621,0.0005075072718202,77.69200140256493,0.020055985958475124,0.0007278244069591155,3.0037069640661906,,False,outside the fitted design box,,
9,10,10,70,1.871328819136786,0.0546723700462547,0.0004764183920147,86.16568088796753,0.019212236985569207,0.0006832393403721728,3.0037069640661906,,False,outside the fitted design box,,
12,-10,-10,40,0.0632928001303915,0.0053766575960885,0.0025506914440136,67.0973079562921,0.0038722435573683846,0.008353567919848991,0.5554569992696468,,False,outside the fitted design box,,
12,-10,-10,55,0.0646600630853613,0.0050617932145425,0.0020385672401273,75.37158619984906,0.0036454797080629603,0.006676350422372652,0.5554569992696468,,False,outside the fitted design box,,
12,-10,-10,70,0.0658452242973184,0.0048579294021211,0.0017570346266961,82.24315672771964,0.0034986579474949047,0.00575432521486677,0.5554569992696468,,False,outside the fitted design box,,
12,-10,-5,40,0.3320995405242123,0.0070242825626891,0.0014072649078488,67.1972429607336,0.004482580057740853,0.004173415143595706,0.8750954000290051,,False,outside the fitted design box,,
12,-10,-5,55,0.3357848061604799,0.006637761721645,0.0011358149251103,76.01778955943077,0.004235919904408096,0.003368397223820102,0.8750954000290051,,False,outside the fitted design box,,
12,-10,-5,70,0.3395671560318118,0.0063695385919601,0.0009956569679358,83.15940026553223,0.004064752010545625,0.0029527417649899274,0.8750954000290051,,False,outside the fitted design box,,
12,-10,0,40,0.5907009018084449,0.0091494595580899,0.0010499196328913,67.8495620967845,0.0051736532568294495,0.0028195086626824736,1.1947338007883634,,False,outside the fitted design box,,
12,-10,0,55,0.5976079625367196,0.0085850128684223,0.0009422556460134,76.88050926039332,0.0048544812406284155,0.0025303822056171646,1.1947338007883634,,False,outside the fitted design box,,
12,-10,0,70,0.6044060403356927,0.008190910310563,0.0008753581295888,84.12519206317364,0.004631632014502183,0.0023507321436865383,1.1947338007883634,,False,outside the fitted design box,,
12,-10,5,40,0.8400314563668576,0.0115646164510401,0.0009656320241591,68.48636945570458,0.005794405784579033,0.0023481762085269175,1.514372201547722,,False,outside the fitted design box,,
12,-10,5,55,0.8498660928765298,0.0108216338585599,0.0008581292833391,77.70127335511349,0.0054221372662122515,0.0020867563591129676,1.514372201547722,,False,outside the fitted design box,,
12,-10,5,70,0.8595413657904616,0.0103097563337479,0.0007882646632733,85.00115621760168,0.005165663036969666,0.0019168630306484866,1.514372201547722,,False,outside the fitted design box,,
12,-10,10,40,1.0751058282060086,0.0150832768205173,0.0008484589088384,68.95079727603368,0.006696519983182319,0.0018683209524605344,1.8340106023070804,11.700963225196395,True,,65.02393721900633,65.36824471579362
12,-10,10,55,1.0886258457187086,0.0140644724538154,0.0007497328071771,78.57921670582364,0.006244201572418132,0.001650924396932485,1.8340106023070804,11.700963225196395,True,,76.03916925392019,76.52325720224484
12,-10,10,70,1.101925710560857,0.0133688730798767,0.0006845778606058,86.00642888729314,0.00593537643028898,0.0015074520960731965,1.8340106023070804,11.700963225196395,True,,84.04695097568577,84.57757934064921
12,-5,-10,40,0.4537112090113762,0.00787832284801,0.0027219737289101,68.23112061650087,0.005027590016739596,0.00807234396121503,0.8750954000290051,,False,outside the fitted design box,,
12,-5,-10,55,0.4560759827254773,0.0074079732216226,0.0021226905151421,76.73497951759198,0.004727434116604099,0.006295096745219792,0.8750954000290051,,False,outside the fitted design box,,
12,-5,-10,70,0.4608417683024043,0.007089151860377,0.0018003639287616,83.74669475989585,0.004523976715346852,0.005339198073064159,0.8750954000290051,,False,outside the fitted design box,,
12,-5,-5,40,0.7093838600442272,0.0100030986354976,0.001657967044756,68.43260476960602,0.005656351996022438,0.004452390734192106,1.1947338007883634,,False,outside the fitted design box,,
12,-5,-5,55,0.7182928353040192,0.0094118245807596,0.0013764152687534,77.39916380871747,0.005322010178393525,0.0036962969851430747,1.1947338007883634,,False,outside the fitted design box,,
12,-5,-5,70,0.7259684815337178,0.0090042265028393,0.0012036121958626,84.56996688292243,0.005091529775707312,0.003232242646419985,1.1947338007883634,,False,outside the fitted design box,,
12,-5,0,40,0.9501772402950052,0.0128386719181676,0.0010349338174422,68.7304150831584,0.006432766287052435,0.002516700882651451,1.514372201547722,,False,outside the fitted design box,,
12,-5,0,55,0.962311184250558,0.0120025264394568,0.0008642422564961,78.07009169617908,0.006013818869375153,0.002101621584966606,1.514372201547722,,False,outside the fitted design box,,
12,-5,0,70,0.9743125635495872,0.0114212765576176,0.0007593634407519,85.39887019654856,0.005722585892313296,0.0018465824668061754,1.514372201547722,,False,outside the fitted design box,,
12,-5,5,40,1.1832481101760612,0.016528367092876,0.0007019423537559,69.03561096235178,0.007338096478893715,0.0015456890054193488,1.8340106023070804,11.700963225196395,True,,65.41323313762152,65.66358281739303
12,-5,5,55,1.198838845372031,0.0153299858159066,0.0006329065806154,78.81643632992258,0.00680605133617108,0.0013936710584285012,1.8340106023070804,11.700963225196395,True,,76.40531813536221,76.8386875054099
12,-5,5,70,1.2140583357424874,0.0145160042584512,0.0005889930705316,86.31930020450116,0.0064446680750731115,0.0012969727621044338,1.8340106023070804,11.700963225196395,True,,84.40851523292508,84.91878493192756
12,-5,10,40,1.3982874495724609,0.0212878443542969,0.0006632299898682,69.29475541437722,0.008374539766242174,0.0013224719608889736,2.153649003066439,,False,outside the equivalent-incidence map,,
12,-5,10,55,1.4181920944061976,0.0196970970122592,0.0005976778538164,79.4930203050302,0.007748747100144925,0.001191761855451624,2.153649003066439,,False,outside the equivalent-incidence map,,
12,-5,10,70,1.4371506860255503,0.0186332489049493,0.0005514240767398,87.18999436501234,0.007330234162356091,0.0010995324264398742,2.153649003066439,,False,outside the equivalent-incidence map,,
12,0,-10,40,0.8250361421819465,0.0117259831510394,0.0022863223879168,69.10315494240245,0.006630574246897628,0.006139808778186448,1.1947338007883634,,False,outside the fitted design box,,
12,0,-10,55,0.8326935573500871,0.0109385717836141,0.0018198996075786,78.00010412637965,0.006185324627542526,0.0048872528411053546,1.1947338007883634,,False,outside the fitted design box,,
12,0,-10,70,0.8439463775045533,0.0103948495293363,0.0015495978095321,85.15901743388625,0.0058778714502488215,0.004161370366622987,1.1947338007883634,,False,outside the fitted design box,,
12,0,-5,40,1.0557535603543244,0.0150101857932346,0.0015014390750118,69.17126849195702,0.0075207948102854905,0.0036511253006191484,1.514372201547722,,False,outside the fitted design box,,
12,0,-5,55,1.0618066531574617,0.014001196447384,0.001166113830264,78.66111196744134,0.007015244649851981,0.0028356979513440013,1.514372201547722,,False,outside the fitted design box,,
12,0,-5,70,1.0777684627713993,0.0132403096455122,0.001008179726134,86.02326611474442,0.006634005297484244,0.0024516416063237213,1.514372201547722,,False,outside the fitted design box,,
12,0,0,40,1.2987613794164312,0.0189142558022089,0.0009896056534008,69.23148894279423,0.00839735910529885,0.002179128485377551,1.8340106023070804,11.700963225196395,True,,65.98749760862626,66.06477019834702
12,0,0,55,1.3169677704133007,0.0174116053239531,0.0008566742833823,79.20072606394878,0.007730227614236463,0.0018864113469779227,1.8340106023070804,11.700963225196395,True,,76.95347859180218,77.28266490713106
12,0,0,70,1.3332591508985008,0.0164182600352613,0.0007584276515474,86.77373741054694,0.007289212266240184,0.0016700705921650334,1.8340106023070804,11.700963225196395,True,,84.94180548380955,85.39364549177073
12,0,5,40,1.489344194238139,0.0244671277517661,0.000607578029567,69.47156342987438,0.00962525518848666,0.0012115026769434919,2.153649003066439,,False,outside the equivalent-incidence map,,
12,0,5,55,1.5136956793413967,0.0224373220415977,0.0005263564719663,79.8342898921974,0.008826738985782484,0.0010495479490398275,2.153649003066439,,False,outside the equivalent-incidence map,,
12,0,5,70,1.5363423510088414,0.0210950683086828,0.000472150734623,87.59972461580632,0.008298702559190803,0.0009414624148346081,2.153649003066439,,False,outside the equivalent-incidence map,,
12,0,10,40,1.6511485887366564,0.0325114464829713,0.0004836738792045,69.89928625347021,0.011332907673238,0.0008733264182497756,2.4732874038257973,,False,outside the equivalent-incidence map,,
12,0,10,55,1.6842606370099735,0.0297065267290807,0.0004490955834716,80.63349294132362,0.010355162908226287,0.0008108914998885402,2.4732874038257973,,False,outside the equivalent-incidence map,,
12,0,10,70,1.7130231853526563,0.0278650906283536,0.0004258133081176,88.55639130105214,0.009713271280099616,0.0007688527894726383,2.4732874038257973,,False,outside the equivalent-incidence map,,
12,5,-10,40,1.137136364252999,0.018313412951033,0.0017178297048431,69.50090315478243,0.009175863841926757,0.004177333334326919,1.514372201547722,,False,outside the fitted design box,,
12,5,-10,55,1.1596212051976826,0.0167566338363102,0.0014300177404517,79.23877757327385,0.008395845763000299,0.0034774464308226388,1.514372201547722,,False,outside the fitted design box,,
12,5,-10,70,1.1837723635703403,0.015689021484644,0.0012589431016265,86.68467107866886,0.007860922775076537,0.0030614355832935362,1.514372201547722,,False,outside the fitted design box,,
12,5,-5,40,1.377871415374126,0.0231043500092595,0.0011418799914505,69.49634892783331,0.010257634556238196,0.0025144391684721627,1.8340106023070804,11.700963225196395,True,,66.8301022633216,66.57700719099957
12,5,-5,55,1.3950105320902668,0.0211379546319218,0.000928427372603,79.71854746664644,0.009384614316944621,0.0020444128702082442,1.8340106023070804,11.700963225196395,True,,77.77724889426257,77.87728860909793
12,5,-5,70,1.414479289572495,0.019816219985128,0.0008033222713288,87.41641345639644,0.008797803998467978,0.0017689293087352596,1.8340106023070804,11.700963225196395,True,,85.74780896561722,86.0443100208706
12,5,0,40,1.5601314747348265,0.0305408402771862,0.0006928829035813,69.81751418852478,0.012014625677405466,0.0013815994845885998,2.153649003066439,,False,outside the equivalent-incidence map,,
12,5,0,55,1.5922245961839572,0.0276293474462582,0.0006015224829116,80.43488537152899,0.01086925782869635,0.0011994279957892018,2.153649003066439,,False,outside the equivalent-incidence map,,
12,5,0,70,1.6200741315112233,0.0257373526977387,0.0005414667246165,88.27949681701041,0.010124955822570506,0.001079677596005594,2.153649003066439,,False,outside the equivalent-incidence map,,
12,5,5,40,1.697387542168351,0.040584048977101,0.0005056748647934,70.23934312014742,0.014146872250195251,0.0009130516189861072,2.4732874038257973,,False,outside the equivalent-incidence map,,
12,5,5,55,1.7358162653370142,0.036948417658286,0.0004424762900231,81.2538906687121,0.012879556319123294,0.0007989396370998561,2.4732874038257973,,False,outside the equivalent-incidence map,,
12,5,5,70,1.7686670970527447,0.03455900534713,0.0004008276608858,89.2986172381081,0.012046650003195072,0.0007237384536716462,2.4732874038257973,,False,outside the equivalent-incidence map,,
12,5,10,40,1.78576049057732,0.0549230165619308,0.0003795658611381,70.30810412878871,0.016964272341317057,0.0006206014057535956,2.7929258045851557,,False,outside the fitted design box,,
12,5,10,55,1.827823661908886,0.0508736824367087,0.0003346066082684,81.99669582701682,0.015713539748656243,0.0005470916979813902,2.7929258045851557,,False,outside the fitted design box,,
12,5,10,70,1.8642843160419096,0.04811436626245,0.0003066210486022,90.31641281882648,0.014861259703128458,0.0005013344804656512,2.7929258045851557,,False,outside the fitted design box,,
12,10,-10,40,1.4189856747311351,0.030620352357287,0.0012380023325313,69.93388205675429,0.013594512909405304,0.0027261021989030466,1.8340106023070804,11.700963225196395,True,,67.98662363487027,67.12058290576957
12,10,-10,55,1.4624904835626973,0.0273067260629951,0.0010833576352991,80.46025477863296,0.012123362776674194,0.0023855719445606237,1.8340106023070804,11.700963225196395,True,,78.8585254817473,78.5299623723416
12,10,-10,70,1.4975085992137056,0.0252152842023818,0.0009715109140384,88.24445972694072,0.011194825670320097,0.0021392835614479195,1.8340106023070804,11.700963225196395,True,,86.77099052867743,86.75317099572197
12,10,-5,40,1.5923814720749918,0.0396179143719919,0.0007832040060464,70.23199893414635,0.015585504752943864,0.0015616985864256743,2.153649003066439,,False,outside the equivalent-incidence map,,
12,10,-5,55,1.6319152641095007,0.0356659281775576,0.0006767441218094,81.16877910118615,0.01403081161492072,0.0013494189639512788,2.153649003066439,,False,outside the equivalent-incidence map,,
12,10,-5,70,1.6668214127737913,0.0331099036728806,0.0006069441139027,89.16030257504168,0.013025283365951427,0.0012102386573659518,2.153649003066439,,False,outside the equivalent-incidence map,,
12,10,0,40,1.713649465207606,0.052728283685301,0.0005643949052194,70.37092685730204,0.018380134857635677,0.0010190771142414307,2.4732874038257973,,False,outside the equivalent-incidence map,,
12,10,0,55,1.7548345484051988,0.0482891071177133,0.000490475808924,81.90641373512398,0.016832717451522313,0.0008856080509252629,2.4732874038257973,,False,outside the equivalent-incidence map,,
12,10,0,70,1.7902500999808204,0.0453705632235355,0.0004437765233294,90.15661409370033,0.01581536534723087,0.0008012873514278402,2.4732874038257973,,False,outside the equivalent-incidence map,,
12,10,5,40,1.797215069593426,0.0673295006920096,0.0004443937639487,69.52862801748051,0.02079630832105178,0.0007265969436443909,2.7929258045851557,,False,outside the fitted design box,,
12,10,5,55,1.8420089698815725,0.062316676438592,0.0003938116328257,82.06266557907821,0.019247979020197623,0.0006438936636738953,2.7929258045851557,,False,outside the fitted design box,,
12,10,5,70,1.8799277049346812,0.059027181896814,0.0003646261872302,90.7547568551987,0.01823194084958706,0.0005961745971861893,2.7929258045851557,,False,outside the fitted design box,,
12,10,10,40,1.8398573255115207,0.0852662511366114,0.0003624996255963,67.59065421104697,0.02333639773727172,0.0005367039850473526,3.112564205344514,,False,outside the fitted design box,,
12,10,10,55,1.8872246544051727,0.0796470314600655,0.0003285557477059,81.04011687190835,0.021798481579390197,0.0004864478930534073,3.112564205344514,,False,outside the fitted design box,,
12,10,10,70,1.927014557433813,0.075944207700681,0.0003137739824238,90.4932559275561,0.020785061066020002,0.0004645625398757663,3.112564205344514,,False,outside the fitted design box,,
