alpha,delta1,delta2,U,CL,CM,dstar_s,dstar_p,SPL
0,-10,-10,40,-1.0874534653087178,0.17601915626134568,0.0010482742318077,0.023655191358616,65.98960064487332
0,-10,-10,55,-1.10699656351275,0.1795188500389967,0.0009740694335469,0.0224298635559045,73.812678900086
0,-10,-10,70,-1.1257892060811872,0.18285487962873492,0.0009254582786035,0.0214836279289215,79.70338421426669
0,-10,-5,40,-0.9422968311757304,0.15038476913756132,0.0013464565955377,0.013444080101062,67.06474660251315
0,-10,-5,55,-0.9556101065608744,0.15277115130412292,0.0012527967224998,0.0129111575597724,74.30807732867207
0,-10,-5,70,-0.9696664595760156,0.15524960291726683,0.0011929260114534,0.0124179087436283,79.65965900289724
0,-10,0,40,-0.7458629767020731,0.11439677995662449,0.0017140069774599,0.0076041965643057,66.33061579009212
0,-10,0,55,-0.7521611252984963,0.11547846469156173,0.0015936859240449,0.0074896316216916,73.25709635714553
0,-10,0,70,-0.7592579273185374,0.11661481976887934,0.0015179045990409,0.0073780489780186,78.48577518100554
0,-10,5,40,-0.5000205147353034,0.0690462491780137,0.0021558034387111,0.004747226532523,65.37454081156704
0,-10,5,55,-0.5055504730667412,0.06969719561701924,0.0020182663091384,0.0046488265694492,72.18811946363358
0,-10,5,70,-0.510892512125665,0.07028434882805416,0.0019392424759968,0.0045745053331398,77.35980479468545
0,-10,10,40,-0.2426165957558527,0.01975341047974268,0.0027598229195745,0.0030736904187861,64.75125821983177
0,-10,10,55,-0.242999501342939,0.019928788751874177,0.0026272086429757,0.0031758954529803,71.6659783484147
0,-10,10,70,-0.2454376290199449,0.020107678968398972,0.0025729432721158,0.0031396759619483,76.84323111074296
0,-5,-10,40,-0.8282194092048055,0.14170612451668355,0.0012296674999247,0.0120673179266626,66.96347107690985
0,-5,-10,55,-0.838585879271674,0.14383338831731096,0.0011423767734207,0.0117318086342589,74.1035582302667
0,-5,-10,70,-0.8495600572538207,0.14597349942654514,0.0010866975893675,0.0113881708801986,79.43595900561691
0,-5,-5,40,-0.6251357991581604,0.10479602792441474,0.0015757746961505,0.0066971140985895,65.9305085583032
0,-5,-5,55,-0.6314043450356053,0.10587277481263731,0.001474882533,0.0065506859423252,72.82146461216978
0,-5,-5,70,-0.6377879277535263,0.10704685435386772,0.0014130074668541,0.0064535097478688,78.02580030334126
0,-5,0,40,-0.3823856539173905,0.05923585148396605,0.00201325579039,0.0041648072008454,64.93635512391847
0,-5,0,55,-0.3853141123377555,0.05989942961330464,0.0019066131859765,0.0041242484247402,71.79029771163502
0,-5,0,70,-0.3893318230959663,0.0604262472849771,0.0018477607124594,0.0040354489424065,76.94425086262395
0,-5,5,40,-0.1285833462262735,0.010311799753951047,0.0026385182685828,0.0026310947695885,64.32517662472343
0,-5,5,55,-0.1273942348995418,0.010153905405689887,0.0025546362899422,0.0027277998028116,71.27008032922599
0,-5,5,70,-0.1276231757799673,0.010218520070006709,0.0025229464270119,0.0027459928567344,76.50369863807151
0,-5,10,40,0.1257179954482828,-0.038783914739706334,0.0038021749023189,0.0018060843280834,64.54802129897593
0,-5,10,55,0.1292222312446595,-0.03977943631581844,0.0037536908488605,0.0018656215615166,71.50172111284904
0,-5,10,70,0.1325219593100984,-0.0405840194764304,0.0037096545772286,0.001908762099534,76.7630132355723
0,0,-10,40,-0.4917872334796452,0.09409120732069289,0.0014489119291717,0.0063008702800697,65.69323482263309
0,0,-10,55,-0.498006963620058,0.09530359537108579,0.0014041625784856,0.0061187045506984,72.5779809884947
0,0,-10,70,-0.5040870589132429,0.0964966743271254,0.0013744008068516,0.0059937591851357,77.78065438015736
0,0,-5,40,-0.2511634729360114,0.04860879228170871,0.0018846986891574,0.003862453183916,64.64891924602371
0,0,-5,55,-0.2535877745876375,0.04935354577452052,0.0018430253598584,0.0038432125953308,71.54892426714673
0,0,-5,70,-0.2568001667096288,0.0500213491219576,0.0018154342329186,0.0037739160005241,76.73755058919818
0,0,0,40,-1.6688537779966706e-16,1.22383237049328e-16,0.0025837521845057,0.0025837521845057,64.24209483835278
0,0,0,55,-2.238458132794592e-16,2.238450981531281e-17,0.0025643855560777,0.0025643855560777,71.14622884521063
0,0,0,70,-4.512624023625485e-16,1.974276544900271e-16,0.0025523076596033,0.0025523076596033,76.36689948463862
0,0,5,40,0.2511634729360114,-0.048608792281708293,0.003862453183916,0.0018846986891574,64.64891924602371
0,0,5,55,0.2535877745876376,-0.049353545774520106,0.0038432125953308,0.0018430253598583,71.54892426714673
0,0,5,70,0.2568001667096286,-0.05002134912195751,0.0037739160005241,0.0018154342329186,76.73755058919818
0,0,10,40,0.4917872334796469,-0.09409120732069245,0.0063008702800696,0.0014489119291717,65.69323482263304
0,0,10,55,0.4980069636200586,-0.09530359537108535,0.0061187045506983,0.0014041625784856,72.57798098849464
0,0,10,70,0.5040870589132436,-0.09649667432712493,0.0059937591851356,0.0013744008068516,77.78065438015729
0,5,-10,40,-0.1257179954482826,0.03878391473970666,0.0018060843280834,0.0038021749023189,64.54802129897595
0,5,-10,55,-0.1292222312446605,0.03977943631581884,0.0018656215615166,0.0037536908488605,71.50172111284905
0,5,-10,70,-0.1325219593100987,0.04058401947643085,0.001908762099534,0.0037096545772286,76.76301323557232
0,5,-5,40,0.1285833462262731,-0.010311799753950607,0.0026310947695885,0.0026385182685827,64.3251766247234
0,5,-5,55,0.1273942348995423,-0.010153905405689695,0.0027277998028116,0.0025546362899422,71.27008032922599
0,5,-5,70,0.1276231757799667,-0.010218520070006416,0.0027459928567344,0.0025229464270119,76.50369863807151
0,5,0,40,0.3823856539173899,-0.05923585148396599,0.0041648072008454,0.00201325579039,64.93635512391849
0,5,0,55,0.3853141123377552,-0.059899429613304495,0.0041242484247402,0.0019066131859765,71.79029771163502
0,5,0,70,0.3893318230959662,-0.06042624728497692,0.0040354489424065,0.0018477607124594,76.94425086262395
0,5,5,40,0.6251357991581603,-0.10479602792441485,0.0066971140985895,0.0015757746961505,65.93050855830319
0,5,5,55,0.6314043450356053,-0.10587277481263727,0.0065506859423252,0.001474882533,72.82146461216978
0,5,5,70,0.6377879277535257,-0.10704685435386777,0.0064535097478688,0.0014130074668541,78.02580030334124
0,5,10,40,0.8282194092048054,-0.14170612451668294,0.0120673179266625,0.0012296674999247,66.96347107690985
0,5,10,55,0.8385858792716742,-0.1438333883173104,0.0117318086342589,0.0011423767734207,74.10355823026669
0,5,10,70,0.8495600572538207,-0.14597349942654483,0.0113881708801986,0.0010866975893675,79.43595900561691
0,10,-10,40,0.2426165957558511,-0.019753410479742682,0.0030736904187861,0.0027598229195744,64.75125821983175
0,10,-10,55,0.2429995013429385,-0.019928788751874066,0.0031758954529803,0.0026272086429757,71.66597834841467
0,10,-10,70,0.2454376290199456,-0.020107678968398893,0.0031396759619483,0.0025729432721158,76.84323111074293
0,10,-5,40,0.5000205147353045,-0.06904624917801412,0.004747226532523,0.0021558034387111,65.37454081156704
0,10,-5,55,0.5055504730667414,-0.06969719561701969,0.0046488265694492,0.0020182663091384,72.18811946363358
0,10,-5,70,0.5108925121256667,-0.07028434882805465,0.0045745053331399,0.0019392424759968,77.35980479468546
0,10,0,40,0.7458629767020738,-0.11439677995662474,0.0076041965643056,0.0017140069774599,66.33061579009211
0,10,0,55,0.752161125298497,-0.11547846469156192,0.0074896316216915,0.001593685924045,73.25709635714551
0,10,0,70,0.7592579273185375,-0.1166148197688796,0.0073780489780185,0.0015179045990409,78.48577518100554
0,10,5,40,0.9422968311757308,-0.15038476913756185,0.013444080101062,0.0013464565955377,67.06474660251315
0,10,5,55,0.9556101065608756,-0.1527711513041236,0.0129111575597723,0.0012527967224998,74.30807732867207
0,10,5,70,0.9696664595760182,-0.1552496029172676,0.0124179087436282,0.0011929260114534,79.65965900289723
0,10,10,40,1.0874534653087196,-0.17601915626134593,0.0236551913586158,0.0010482742318077,65.98960064487336
0,10,10,55,1.106996563512752,-0.17951885003899698,0.0224298635559043,0.0009740694335469,73.81267890008603
0,10,10,70,1.125789206081189,-0.18285487962873515,0.0214836279289213,0.0009254582786035,79.7033842142667
3,-10,-10,40,-0.8614762352234044,0.19809378611161335,0.0013373648132966,0.0097638784071296,67.00461195482708
3,-10,-10,55,-0.8542079244601654,0.197052539626918,0.0012491176655719,0.0111591471119471,74.33196717091286
3,-10,-10,70,-0.8613203865305686,0.19843203547943228,0.001199295382882,0.0114265590979558,79.75343763760105
3,-10,-5,40,-0.7010407427515549,0.16859874662435206,0.0017187434655775,0.0036391604712057,65.00993198631215
3,-10,-5,55,-0.6857084954350685,0.16677869587560162,0.0016116364286284,0.0045873841255118,72.43872529576673
3,-10,-5,70,-0.6824449745666109,0.16688892919862494,0.0015733375436091,0.0053640057088133,78.09379424424625
3,-10,0,40,-0.4470716813730326,0.1204784113918481,0.0022112857160882,0.0021708499227572,64.51394561494827
3,-10,0,55,-0.444003035773072,0.12052288451793618,0.0021297593908797,0.0022386942849105,71.43943766766404
3,-10,0,70,-0.4403725928957765,0.1207133258772988,0.0020775791655193,0.0025640814546825,76.90812780986771
3,-10,5,40,-0.1744737087672314,0.0691206456663971,0.0030056105332187,0.0016367508088156,64.92873270479382
3,-10,5,55,-0.175605174265282,0.06960100647136057,0.0028804885472007,0.001514734052787,71.74733179846083
3,-10,5,70,-0.1757194987039527,0.07013894695674217,0.0027927017398302,0.0015068152965541,76.93565256277014
3,-10,10,40,0.0963615199293615,0.018021396151984403,0.0042536973432608,0.0013503809989644,65.80724443128273
3,-10,10,55,0.0966238994565209,0.018080571596370193,0.0041037792434094,0.0012212807866916,72.6911765335848
3,-10,10,70,0.0968977324429028,0.018137566706339737,0.0040023403997896,0.0011630389966216,77.91261888820357
3,-5,-10,40,-0.5759683726690922,0.15942037397982264,0.0016892588548529,0.0033219648776142,64.76548309071117
3,-5,-10,55,-0.5566618679913663,0.15625090714849116,0.001578600877875,0.004150393148872,72.15778147747159
3,-5,-10,70,-0.5500486844742366,0.15562152803820722,0.0015309827802567,0.0049800069035602,77.85841965307648
3,-5,-5,40,-0.3252754473860779,0.11200497376827233,0.0022177388547919,0.002009039510743,64.39291465999872
3,-5,-5,55,-0.3214382886884024,0.11131137276396529,0.0021316007844533,0.0020985670230256,71.33277292157365
3,-5,-5,70,-0.317152370633912,0.11109677370695042,0.0020707617455155,0.0023181594459126,76.71717774090027
3,-5,0,40,-0.0548593952386549,0.06020621113305653,0.0030100372179436,0.0015808711252051,64.87960402346044
3,-5,0,55,-0.0554141320120114,0.060586345680361746,0.0029046956336869,0.0015348013161561,71.78917171216835
3,-5,0,70,-0.0546761068380392,0.06094652268900182,0.0028388247387976,0.0015308653932849,77.00557254829516
3,-5,5,40,0.2120917842601583,0.009522058481156658,0.0043037682115835,0.0013424329901933,65.84142930278347
3,-5,5,55,0.2128892649203337,0.009451482778639131,0.0041885147349424,0.0012411561314324,72.77779200152602
3,-5,5,70,0.214315606938729,0.009321840660648435,0.0041106566825086,0.0011823232236145,78.01646167665793
3,-5,10,40,0.4649121569524586,-0.0387191708843632,0.0067307919636904,0.001128485364785,67.22146724061801
3,-5,10,55,0.467654768823249,-0.03934853712331385,0.0065189215017375,0.001019819094207,74.1763870053636
3,-5,10,70,0.471351988482756,-0.039935895987969046,0.0063467493809436,0.000954047464922,79.41774517616761
3,0,-10,40,-0.1895078214137713,0.10122206055608264,0.0023934158052201,0.0023554798980938,64.85565695950334
3,0,-10,55,-0.1793478118072843,0.09891764107984283,0.0022763229942501,0.0023722962516968,71.70601876236256
3,0,-10,70,-0.1750083969869642,0.09866079639371372,0.0021983545258825,0.0025819217616188,77.05711563523207
3,0,-5,40,0.0732773300226957,0.050866989910594074,0.0032350089105779,0.0016618267073682,65.17644175119813
3,0,-5,55,0.0784539938276051,0.049714408425306146,0.0031150913831396,0.0016080120847289,72.06751162068802
3,0,-5,70,0.0809701750226889,0.049716806409925235,0.0030443054620294,0.0016894099387367,77.33858445111271
3,0,0,40,0.3357932507492957,0.0003718359335558987,0.0046340116887356,0.0013604762573366,66.10537027935784
3,0,0,55,0.3391665592516484,-0.00020285714763606751,0.0045021088476681,0.0013443958535478,73.10251916740313
3,0,0,70,0.3427024641870838,-0.0005022817265775175,0.0044165916165188,0.0013350191765616,78.3535724698579
3,0,5,40,0.583490901210255,-0.04703851141919085,0.0070434732340154,0.0011944884935211,67.40086193343147
3,0,5,55,0.5884901267933992,-0.04784457003235887,0.0067981982705453,0.0011084878597176,74.3686177669365
3,0,5,70,0.5946810983764523,-0.04867803565696523,0.0065946224246641,0.0010604504423344,79.61737813659681
3,0,10,40,0.8131951454020757,-0.09032822134574041,0.011077902152718,0.0009875171536706,68.49285125540764
3,0,10,55,0.8231351113190264,-0.0920703922815002,0.0104764863391601,0.0009029984716877,75.60332890517877
3,0,10,70,0.8335054265642158,-0.09367651629249066,0.0100359285313863,0.0008555639849821,80.91696436415829
3,5,-10,40,0.2089147423254856,0.03720243943410454,0.0037243030411292,0.0024943696305842,66.14069386912169
3,5,-10,55,0.2073383792922924,0.03788844910447691,0.0036055539237116,0.0022996705597984,72.93421439600203
3,5,-10,70,0.2076026239673047,0.038557216067528856,0.0035252094651821,0.0022219517255995,78.12454388809569
3,5,-5,40,0.4607837128980181,-0.010462049546905158,0.0053717016341061,0.0019008438533835,66.9404809460302
3,5,-5,55,0.4622382726525897,-0.01039410928694472,0.005209993213044,0.0017777213806351,73.807119921991
3,5,-5,70,0.4656810644502149,-0.010375202580284532,0.0050759138773563,0.0017084860734803,79.00763612573594
3,5,0,40,0.7058547193407221,-0.05626433512871148,0.0079961954708018,0.0014738464901971,67.90941921632853
3,5,0,55,0.7122526643890662,-0.05725395045204558,0.0076228060915449,0.0013869639012736,74.88279356240322
3,5,0,70,0.7199767281470413,-0.05819163121089783,0.0073284877547322,0.0013347985280013,80.09682634900416
3,5,5,40,0.9350096571260657,-0.09961858629232032,0.0119477649287706,0.0011740956418612,68.67060199759685
3,5,5,55,0.947258645691714,-0.10155459308096276,0.0112642184411949,0.0011062003388041,75.85441635090514
3,5,5,70,0.9596856469853388,-0.10333063985424559,0.0107704473606569,0.0010630898056626,81.20535038630791
3,5,10,40,1.1193371757933075,-0.1334539830384038,0.0188612788487625,0.0009238586390062,67.86174463169036
3,5,10,55,1.1383074027306048,-0.13657834263829205,0.017716483103378,0.000872166807722,75.9881255118953
3,5,10,70,1.156469013411284,-0.13939347970395582,0.0168829407609585,0.0008373100492748,81.88615056389168
3,10,-10,40,0.5674944773024387,-0.019716839169063638,0.0067539930059421,0.0022873057915972,67.77983860889724
3,10,-10,55,0.5718479193407,-0.019826650904575534,0.0064331985968047,0.0020458346664112,74.59631621246386
3,10,-10,70,0.5784125135709514,-0.020067143787999706,0.0061655208212731,0.0019147082439004,79.7354197800399
3,10,-5,40,0.813820812659779,-0.06525888539853156,0.0096660457171441,0.0017898523168032,68.53438093476205
3,10,-5,55,0.8226769855095635,-0.06630513742703714,0.0090754491678071,0.0016284235071976,75.48453712815689
3,10,-5,70,0.8329593146315569,-0.06737270354063625,0.0086380591357529,0.0015316728419889,80.69506497238402
3,10,0,40,1.0418353925534165,-0.10725989987854945,0.0139373323406796,0.0013743151278119,68.78567593942947
3,10,0,55,1.057970440084735,-0.10969182762620737,0.012998223267267,0.00127277861947,76.19772399476814
3,10,0,70,1.073393811009294,-0.11178319506741119,0.0123412369889881,0.0012084178835573,81.59276056406549
3,10,5,40,1.215086105886137,-0.13915124443749885,0.0217366322548411,0.0010615352725489,67.27299192155407
3,10,5,55,1.237881526338948,-0.14277954577343022,0.0202798129450225,0.0009942866812616,75.64761894415756
3,10,5,70,1.2594320914447814,-0.14602349115242053,0.0192328741650916,0.0009502153030637,81.7717550165316
3,10,10,40,1.3582083233849338,-0.1644118748364135,0.0334158466616141,0.0008425037162911,65.29022346816564
3,10,10,55,1.383862433665633,-0.16860313321351245,0.0314861359246542,0.0007877083249742,73.57010791329357
3,10,10,70,1.407958065408913,-0.1723624614098344,0.0300822221594166,0.0007513349921216,79.89013568346957
6,-10,-10,40,-0.6654599320269489,0.22727307501414862,0.0020022474087054,0.0029091214565935,66.05117375860712
6,-10,-10,55,-0.6673588053754781,0.22766218174738206,0.0018999613931727,0.0024729440051179,72.99571550724977
6,-10,-10,70,-0.6701463334936067,0.22864215420746872,0.0018368111517997,0.0022720352132932,78.40557132020463
6,-10,-5,40,-0.3682458506099282,0.17068023111013025,0.0025566455491228,0.0017245819360185,66.07317616692296
6,-10,-5,55,-0.371272030241805,0.17192410341184142,0.0024629595201381,0.0015938157400988,73.3642122176
6,-10,-5,70,-0.3758121749514873,0.17360413325100146,0.0024077330301857,0.0015288056933025,78.95118898125102
6,-10,0,40,-0.090508613826535,0.1177088580278448,0.0034336827397332,0.0015034521219091,66.94883736409764
6,-10,0,55,-0.0919419661996463,0.11862018588950593,0.0033326296547102,0.0013765838987685,74.34772939684854
6,-10,0,70,-0.0938913953804871,0.11983146540063007,0.0032707263850367,0.0012953284052661,79.96042111994436
6,-10,5,40,0.1776332077590749,0.0659262409655019,0.0048723716052644,0.0013203334564985,68.14646573159057
6,-10,5,55,0.1782443273230999,0.0664640980927348,0.0047181733977145,0.0011826850835989,75.5655615942768
6,-10,5,70,0.1786570095851111,0.06722587602699882,0.0046042342034915,0.0010948443920491,81.24640817383178
6,-10,10,40,0.4337445930610187,0.016826368628194362,0.0070719828898474,0.0011377767451782,69.47543241982802
6,-10,10,55,0.4377642326459119,0.016574281464507956,0.0067320426393131,0.0010074762108505,76.86136148897687
6,-10,10,70,0.4418416485958308,0.01655645311405173,0.0064863682553968,0.0009258777024792,82.51875712682077
6,-5,-10,40,-0.2601795710541851,0.16733936294989837,0.0027128564538605,0.0029876842377427,66.9363456504921
6,-5,-10,55,-0.2628144457371463,0.1678135235255481,0.0026121325566625,0.0023887654603718,73.93084936430719
6,-5,-10,70,-0.2647003768448718,0.16850858688588088,0.0025469248342442,0.0020973741188091,79.39318299098743
6,-5,-5,40,0.0234037584892366,0.11142983975571918,0.0037082001205309,0.0018308874408219,67.46678786975295
6,-5,-5,55,0.0246752005899232,0.11126103093637434,0.0035906082303304,0.0015152488925174,74.68133065162041
6,-5,-5,70,0.0245045053656123,0.1118904426922597,0.0035121226250549,0.0013394637208834,80.250456106897
6,-5,0,40,0.2916646318923959,0.058215325708275,0.005201836152295,0.0011774855222997,68.32780093821097
6,-5,0,55,0.2933162443473682,0.05850856011876637,0.0050063689174432,0.0010542991209975,75.73378133264288
6,-5,0,70,0.2956375306962471,0.058985811104378526,0.0048534455628359,0.0009902750746715,81.4090396678171
6,-5,5,40,0.5476864298691816,0.008823126912140777,0.0072639126406043,0.0010528640997672,69.5501579467647
6,-5,5,55,0.5532255561763312,0.008519330594384585,0.0068979326826675,0.0009598907001236,76.93995453257052
6,-5,5,70,0.5591040214593207,0.008359453498252114,0.0066358427482579,0.0008988802046051,82.59942695172207
6,-5,10,40,0.7926261942193515,-0.037161066174064346,0.0104364440715314,0.0009267141976013,70.72490263017242
6,-5,10,55,0.8019278137362036,-0.03832416630150612,0.0098659919037436,0.0008312503110514,78.24626032826338
6,-5,10,70,0.8111205094807402,-0.03924835824102607,0.0094610935810715,0.0007686893669815,83.95989863270843
6,0,-10,40,0.1403552937224433,0.1059435171256363,0.004260185085353,0.0028814631116059,68.31277782488769
6,0,-10,55,0.1374199908189582,0.10611996631589361,0.0040863163209458,0.0021869525299198,75.39289283827839
6,0,-10,70,0.1416038503123275,0.10547176409811683,0.0039522007818424,0.0018264744175031,80.85991698378463
6,0,-5,40,0.3951806209757896,0.055613073475369396,0.0058819596546473,0.0018427861942383,69.08826409497297
6,0,-5,55,0.407484289301291,0.05328704585122485,0.005565021724063,0.0015111562901511,76.32077217116657
6,0,-5,70,0.4163385653570415,0.052051819062990654,0.0053369454209422,0.0013135678896226,81.8744469217031
6,0,0,40,0.6612296593356484,0.003903635284388647,0.0079420326559892,0.0011989199415139,69.91062802420896
6,0,0,55,0.6701827666344342,0.0025578083308374065,0.0075093361869809,0.0009718303941993,77.2727085226049
6,0,0,70,0.6804520087114405,0.0012069622065938638,0.0071887647139689,0.0008595935525191,82.90336099674036
6,0,5,40,0.9085181308376032,-0.04461242091639564,0.0109635644268765,0.0008284119268346,70.84652258227543
6,0,5,55,0.9205398500664784,-0.04625763073641955,0.0103065224315338,0.0007746592292357,78.38562301565113
6,0,5,70,0.9320876624430112,-0.04748391219157297,0.0098402792555458,0.0007414868362511,84.09802337138488
6,0,10,40,1.1291122819416777,-0.08621764269673232,0.0156261580771471,0.0007881283078583,71.45576340490362
6,0,10,55,1.14480889393274,-0.0884935501626991,0.0146220790782228,0.0007175111642747,79.35933469240939
6,0,10,70,1.1599139145882702,-0.09041117329455099,0.0139158510488823,0.0006690958127372,85.23714269648127
6,5,-10,40,0.5253408721230459,0.041985869456032394,0.006770779846743,0.0021506957353944,69.6658763419145
6,5,-10,55,0.5383031302705638,0.03907735902733113,0.0063664582336114,0.0016088443203841,76.84361124365375
6,5,-10,70,0.548143249568997,0.037639969493964295,0.0060787365840324,0.0013682752504116,82.38700232794825
6,5,-5,40,0.7711857980986981,-0.004828651460786441,0.0092292589479351,0.0013268926833166,70.44957313801203
6,5,-5,55,0.7937474579346195,-0.009298168174847792,0.0086190659566156,0.0011275480907054,77.84330516415628
6,5,-5,70,0.8072528227722171,-0.01117181027452698,0.0082051857918506,0.0010528971167113,83.47830610012339
6,5,0,40,1.0228703790407108,-0.05235477814932079,0.0125714330830751,0.0009165547516526,71.1918587515541
6,5,0,55,1.035027951432501,-0.05401745068961844,0.0117754868952632,0.0008100725280476,78.81529078774778
6,5,0,70,1.049653947859562,-0.055824840470701534,0.0111869062852916,0.0008008857929924,84.56749688009202
6,5,5,40,1.2389251959594647,-0.09374378084227827,0.0173998171086241,0.0008102242081078,71.40390243595724
6,5,5,55,1.258506605600631,-0.09668476419241955,0.0161480471837879,0.0007953365270209,79.54480124587339
6,5,5,70,1.2767298054564935,-0.09908542365197825,0.0152989597929771,0.0007657950690215,85.49907320789161
6,5,10,40,1.4036796050415257,-0.1241922038489406,0.0255047990921228,0.0007172615252306,69.57894941121545
6,5,10,55,1.4284243994480452,-0.1280007267218185,0.0237764192247952,0.0006575820602263,78.97408171576741
6,5,10,70,1.4517460783562484,-0.13125648334175197,0.0225627661746196,0.0006213113801409,85.77234578692462
6,10,-10,40,0.8970252361773189,-0.019760644069308504,0.0113520385163309,0.0018492160938726,71.18971543941727
6,10,-10,55,0.9025241275302252,-0.019884197523522978,0.0106547065337221,0.0016300084879367,78.67563143230713
6,10,-10,70,0.9102393972922356,-0.01989980218766138,0.0101497373964245,0.0015032518615255,84.345168523161
6,10,-5,40,1.1303746150935776,-0.06254866045265335,0.0154156550056057,0.0014487986941432,71.57873541744127
6,10,-5,55,1.14299069802267,-0.0640979564717912,0.0143686887810266,0.0013180514482499,79.43456236231724
6,10,-5,70,1.1557756740562342,-0.06520656953647938,0.013637476172588,0.0012340738426494,85.26753097328795
6,10,0,40,1.323864364440391,-0.0982635242881973,0.0214388612331923,0.0011018138317045,70.77515905535006
6,10,0,55,1.3465538427622332,-0.10161747173375033,0.019863058742176,0.0010157879011502,79.6104173288163
6,10,0,70,1.367943778723974,-0.10436448968270902,0.0187743112279165,0.0009630286439338,85.89601000431375
6,10,5,40,1.476735536312208,-0.12660080337814994,0.0310978102247174,0.0008351348920013,68.1603512544519
6,10,5,55,1.5042076320362412,-0.13072534843389438,0.0290228223318155,0.0007779881078915,77.7001553943006
6,10,5,70,1.5300821351205345,-0.13423154563772113,0.0275543570015765,0.0007439772652892,84.99615906403713
6,10,10,40,1.608192911092361,-0.15028247801284017,0.0447963744858735,0.0006676924366753,65.38757816425685
6,10,10,55,1.639157237461679,-0.15496618897007067,0.0422373782580298,0.0006243067993321,74.7374755916333
6,10,10,70,1.6677900167168724,-0.15893868370183578,0.0404061979491464,0.0005969515781187,81.99613432396436
9,-10,-10,40,-0.3016762313997395,0.22278823334448664,0.0032101314486382,0.002747224889226,67.30505981544789
9,-10,-10,55,-0.2997221652980301,0.22330545472861255,0.0030726857624468,0.0021807596827653,75.0038528801628
9,-10,-10,70,-0.2998712662754483,0.22466978286711792,0.0029881843315257,0.0018854741642386,81.13362491955657
9,-10,-5,40,-0.0139341302383549,0.16619383143936578,0.0043417330198844,0.0014341121571878,67.64382160194276
9,-10,-5,55,-0.0125205515471164,0.16707583537672407,0.0041635243140089,0.0012349052931425,75.77174716003564
9,-10,-5,70,-0.0123213972263496,0.1686276996677904,0.0040365839257252,0.0011371109165932,82.11377897149349
9,-10,0,40,0.2540780831656183,0.11442278083441092,0.0057828880298201,0.0012375917493873,68.655596758661
9,-10,0,55,0.25717525300811,0.11533247090103078,0.0054895394931337,0.0011192708642416,76.80475308230871
9,-10,0,70,0.2598233994005884,0.11656425251241852,0.0052852548746329,0.0010454349686615,83.1548951225298
9,-10,5,40,0.5146768772941319,0.06472973736142111,0.007533079254752,0.001122330663578,69.60575348659106
9,-10,5,55,0.5207172336391678,0.06495905737652428,0.007140137126149,0.0010008660214753,77.83362822064981
9,-10,5,70,0.5262946427280603,0.06547149158471294,0.0068653252775375,0.0009230866106811,84.20170279653757
9,-10,10,40,0.7639577113265685,0.01779786257185637,0.0103621250208088,0.000983112808185,70.7061820995735
9,-10,10,55,0.7731932595297298,0.017199677873191765,0.0097882124419976,0.0008678367772089,79.01721551858718
9,-10,10,70,0.7820393309627577,0.01688915059909199,0.0093806012275587,0.0007937140414931,85.43940398024043
9,-5,-10,40,0.1003151196070755,0.16121817000410563,0.0047988944823157,0.0029972432546169,68.6619218042021
9,-5,-10,55,0.0994230203318461,0.16213294145674328,0.0045627623611681,0.0023112662116273,76.44220586526906
9,-5,-10,70,0.1010152271128977,0.16305167801345635,0.0043966686546959,0.0019612450986764,82.6186041307597
9,-5,-5,40,0.3710591047072301,0.10805439590394716,0.0062181164142639,0.0018473080845964,69.23407467192445
9,-5,-5,55,0.3763333064136859,0.10790866271604882,0.0059060583283444,0.0015165841800804,77.2418269780891
9,-5,-5,70,0.3804962119307047,0.10845595618833487,0.0056863818101765,0.0013181141436192,83.50583318311888
9,-5,0,40,0.6302232844916457,0.05726166976661058,0.0082328368630592,0.0011100871399983,69.92258351799944
9,-5,0,55,0.6368449792747082,0.05699107786679552,0.0078011274335963,0.0009247764328387,78.15766458978146
9,-5,0,70,0.6437027068254024,0.05715615988596491,0.0074882858516789,0.0008240878959771,84.54775895346481
9,-5,5,40,0.8775911911949524,0.00944569277428703,0.0109471929330737,0.0008609929332356,70.87405541342035
9,-5,5,55,0.8873386508227978,0.008858831014885259,0.0102951842771241,0.0007792080776437,79.19455275085053
9,-5,5,70,0.8973396167771556,0.00849579490174606,0.0098342541582932,0.0007255843903288,85.61464994928158
9,-5,10,40,1.1088206065557324,-0.03408126577867316,0.0146360331595625,0.0007785538421186,71.70940656684054
9,-5,10,55,1.1226224282173736,-0.03555924388194623,0.0136984107463482,0.0006986400954297,80.23669538300858
9,-5,10,70,1.1361878974828192,-0.03673017466987491,0.0130472782206217,0.0006440101083429,86.71091430017718
9,0,-10,40,0.498235064619109,0.10059430215995183,0.0071259903990286,0.0027850063673944,69.92944603965329
9,0,-10,55,0.4955062730804885,0.10146138288318197,0.0067465875629816,0.0021318264026372,77.88454010049512
9,0,-10,70,0.5005965358985801,0.10137135893261652,0.0064666074334474,0.0017820990156539,84.09969576904297
9,0,-5,40,0.7265136159898633,0.05538200516647391,0.0095058518955426,0.0016764764671962,70.61085617066573
9,0,-5,55,0.7427400366179261,0.053143655820275575,0.0089157478557427,0.0013784104609356,78.79590771313495
9,0,-5,70,0.7576685211449722,0.05149392104375207,0.0084935040248872,0.0012035569685026,85.11969788623935
9,0,0,40,1.0024975715501678,0.0011515762206319204,0.0120432611618057,0.0013058546982177,71.27171880074359
9,0,0,55,1.0061764641956632,0.0020147723227672883,0.0113402573409049,0.00101417306488,79.59570213825435
9,0,0,70,1.0138900885588649,0.0022669350545226493,0.0108348374494726,0.0008487751310377,86.01245371343053
9,0,5,40,1.215999478377379,-0.039971096301798355,0.0158677620839864,0.0006877446437532,71.88845296776618
9,0,5,55,1.230995303582814,-0.0417008593625469,0.0147999406982308,0.0005831469934826,80.47597885454564
9,0,5,70,1.246715740249947,-0.04321830332492275,0.0140536205185999,0.0005261756204208,86.98924388277732
9,0,10,40,1.4196805101055006,-0.07916402561530177,0.0212768972815938,0.0006322623525759,72.41158115534145
9,0,10,55,1.4417846071250806,-0.08215543904208555,0.0197114468029502,0.0005794134120713,81.28257658279776
9,0,10,70,1.4625480510442477,-0.08454161586702821,0.0186546232779089,0.0005414695128764,87.9634527357747
9,5,-10,40,0.8428916350192134,0.04458992156607911,0.0110897458332072,0.0021476416297912,71.23877059918388
9,5,-10,55,0.8573235318669057,0.04266293449243298,0.0103626883512194,0.001721681798609,79.39502888731502
9,5,-10,70,0.8734881703004589,0.040699814106269626,0.0098411132214341,0.0014651271519079,85.72166278888236
9,5,-5,40,1.0889094973017754,-0.0030422075900036613,0.0143098881523335,0.0014087618346293,71.76326101160403
9,5,-5,55,1.0964709047310774,-0.0030058532298879283,0.0133844624329919,0.0010914910353584,80.21270751952564
9,5,-5,70,1.1139832545028074,-0.004886258155283009,0.0126701434850056,0.0009393126837359,86.63388962589474
9,5,0,40,1.3210241330084678,-0.047303151269283715,0.018757827188225,0.0008504975125386,72.23590079139097
9,5,0,55,1.340190099133832,-0.0496176241577495,0.0173113489376771,0.0007325313847436,80.9583153151234
9,5,0,70,1.358277507112167,-0.05137177921847683,0.0163375142205486,0.0006491576092412,87.53763769372279
9,5,5,40,1.5063349095178111,-0.0831993336678115,0.0254150787775897,0.0005888266274421,72.5393982023167
9,5,5,55,1.533661372462623,-0.08699738577481739,0.0233423278011281,0.0005154297811904,81.64648215958634
9,5,5,70,1.5590405443116957,-0.09011990726944605,0.0219500089351328,0.0004682768905494,88.42708711526075
9,5,10,40,1.6476080659832133,-0.11026002000868686,0.0360988888821534,0.0004937859930019,71.36237707095502
9,5,10,55,1.6796257351384214,-0.11471224950618755,0.0334598811472177,0.0004806253196895,81.70995537013167
9,5,10,70,1.7082443141815902,-0.11825275581679573,0.0316506461292174,0.0004706313737618,89.09701606697683
9,10,-10,40,1.1808808977645375,-0.01159966493639872,0.0180246700258442,0.0014623156107356,72.26786671188583
9,10,-10,55,1.2121018219093351,-0.017022931022086144,0.0165228488842535,0.0011978963574255,80.88811926595784
9,10,-10,70,1.2347546089601322,-0.01994848635571149,0.0155244885524695,0.0010347503673036,87.40771393906638
9,10,-5,40,1.4016735030886822,-0.05342068050580913,0.0237274541976071,0.0009141266886004,72.55442932217574
9,10,-5,55,1.4327783633323743,-0.05817242494688823,0.0216336327599571,0.0008339994188615,81.51389681201395
9,10,-5,70,1.4580013438628374,-0.06118958565355642,0.0202498514554413,0.0008061900229445,88.22593425042075
9,10,0,40,1.5652670707404013,-0.08487751799885487,0.0330417620527232,0.0007409586080623,71.88183566380843
9,10,0,55,1.5954296819131977,-0.08877391998843921,0.0303904993596693,0.0007121907703889,81.89067477738695
9,10,0,70,1.6229846876033678,-0.09186821567304958,0.0285913903743088,0.0006937216824673,89.01638939936964
9,10,5,40,1.6955149654173645,-0.11072050742373082,0.045041007101582,0.0006184175293357,69.49631997915327
9,10,5,55,1.7285405125837647,-0.11494549252284457,0.0419392475300679,0.0005937690917187,80.55774303705532
9,10,5,70,1.7587146015502868,-0.11844144359721746,0.0398307954330238,0.00057174733505,88.62094809082294
9,10,10,40,1.801314191081774,-0.13280419076071306,0.0605627348033077,0.0005477095040613,66.74938269137058
9,10,10,55,1.8380813250005856,-0.13765372731794367,0.0570734312088621,0.0005075072718202,77.69200140256493
9,10,10,70,1.871328819136786,-0.14170009007249854,0.0546723700462547,0.0004764183920147,86.16568088796753
12,-10,-10,40,0.0632928001303915,0.215074884516026,0.0053766575960885,0.0025506914440136,67.0973079562921
12,-10,-10,55,0.0646600630853613,0.21618829637066767,0.0050617932145425,0.0020385672401273,75.37158619984906
12,-10,-10,70,0.0658452242973184,0.21786923518412102,0.0048579294021211,0.0017570346266961,82.24315672771964
12,-10,-5,40,0.3320995405242123,0.16197032450974247,0.0070242825626891,0.0014072649078488,67.1972429607336
12,-10,-5,55,0.3357848061604799,0.1628175372303444,0.006637761721645,0.0011358149251103,76.01778955943077
12,-10,-5,70,0.3395671560318118,0.1642035033416575,0.0063695385919601,0.0009956569679358,83.15940026553223
12,-10,0,40,0.5907009018084449,0.11217524619343408,0.0091494595580899,0.0010499196328913,67.8495620967845
12,-10,0,55,0.5976079625367196,0.11288632299031869,0.0085850128684223,0.0009422556460134,76.88050926039332
12,-10,0,70,0.6044060403356927,0.11391062002907826,0.008190910310563,0.0008753581295888,84.12519206317364
12,-10,5,40,0.8400314563668576,0.06472102667388964,0.0115646164510401,0.0009656320241591,68.48636945570458
12,-10,5,55,0.8498660928765298,0.06477159209923244,0.0108216338585599,0.0008581292833391,77.70127335511349
12,-10,5,70,0.8595413657904616,0.06508499656016173,0.0103097563337479,0.0007882646632733,85.00115621760168
12,-10,10,40,1.0751058282060086,0.020179481705376364,0.0150832768205173,0.0008484589088384,68.95079727603368
12,-10,10,55,1.0886258457187086,0.019372439907354176,0.0140644724538154,0.0007497328071771,78.57921670582364
12,-10,10,70,1.101925710560857,0.018852886069990388,0.0133688730798767,0.0006845778606058,86.00642888729314
12,-5,-10,40,0.4537112090113762,0.15447989604900159,0.00787832284801,0.0027219737289101,68.23112061650087
12,-5,-10,55,0.4560759827254773,0.15524776328589338,0.0074079732216226,0.0021226905151421,76.73497951759198
12,-5,-10,70,0.4608417683024043,0.156116270038128,0.007089151860377,0.0018003639287616,83.74669475989585
12,-5,-5,40,0.7093838600442272,0.10424415382872271,0.0100030986354976,0.001657967044756,68.43260476960602
12,-5,-5,55,0.7182928353040192,0.10399734906619247,0.0094118245807596,0.0013764152687534,77.39916380871747
12,-5,-5,70,0.7259684815337178,0.10452212677845898,0.0090042265028393,0.0012036121958626,84.56996688292243
12,-5,0,40,0.9501772402950052,0.05810296835047717,0.0128386719181676,0.0010349338174422,68.7304150831584
12,-5,0,55,0.962311184250558,0.05726498679773503,0.0120025264394568,0.0008642422564961,78.07009169617908
12,-5,0,70,0.9743125635495872,0.05693916310054783,0.0114212765576176,0.0007593634407519,85.39887019654856
12,-5,5,40,1.1832481101760612,0.01198797569589828,0.016528367092876,0.0007019423537559,69.03561096235178
12,-5,5,55,1.198838845372031,0.010727504840538731,0.0153299858159066,0.0006329065806154,78.81643632992258
12,-5,5,70,1.2140583357424874,0.00998072745897868,0.0145160042584512,0.0005889930705316,86.31930020450116
12,-5,10,40,1.3982874495724609,-0.029357882037233433,0.0212878443542969,0.0006632299898682,69.29475541437722
12,-5,10,55,1.4181920944061976,-0.03140864469092646,0.0196970970122592,0.0005976778538164,79.4930203050302
12,-5,10,70,1.4371506860255503,-0.03293864385683844,0.0186332489049493,0.0005514240767398,87.18999436501234
12,0,-10,40,0.8250361421819465,0.09771243417961555,0.0117259831510394,0.0022863223879168,69.10315494240245
12,0,-10,55,0.8326935573500871,0.09746592602655321,0.0109385717836141,0.0018198996075786,78.00010412637965
12,0,-10,70,0.8439463775045533,0.09698650228588779,0.0103948495293363,0.0015495978095321,85.15901743388625
12,0,-5,40,1.0557535603543244,0.05185668827703408,0.0150101857932346,0.0015014390750118,69.17126849195702
12,0,-5,55,1.0618066531574617,0.05286995929163201,0.014001196447384,0.001166113830264,78.66111196744134
12,0,-5,70,1.0777684627713993,0.051970885808238325,0.0132403096455122,0.001008179726134,86.02326611474442
12,0,0,40,1.2987613794164312,0.004161515021080179,0.0189142558022089,0.0009896056534008,69.23148894279423
12,0,0,55,1.3169677704133007,0.0026237580321468645,0.0174116053239531,0.0008566742833823,79.20072606394878
12,0,0,70,1.3332591508985008,0.001848303956773189,0.0164182600352613,0.0007584276515474,86.77373741054694
12,0,5,40,1.489344194238139,-0.03381350770188287,0.0244671277517661,0.000607578029567,69.47156342987438
12,0,5,55,1.5136956793413967,-0.03651719201286773,0.0224373220415977,0.0005263564719663,79.8342898921974
12,0,5,70,1.5363423510088414,-0.03858231364784724,0.0210950683086828,0.000472150734623,87.59972461580632
12,0,10,40,1.6511485887366564,-0.06710067985994511,0.0325114464829713,0.0004836738792045,69.89928625347021
12,0,10,55,1.6842606370099735,-0.07150351462002262,0.0297065267290807,0.0004490955834716,80.63349294132362
12,0,10,70,1.7130231853526563,-0.07475501039950755,0.0278650906283536,0.0004258133081176,88.55639130105214
12,5,-10,40,1.137136364252999,0.046288266843481765,0.018313412951033,0.0017178297048431,69.50090315478243
12,5,-10,55,1.1596212051976826,0.043750716942079965,0.0167566338363102,0.0014300177404517,79.23877757327385
12,5,-10,70,1.1837723635703403,0.041241866862399466,0.015689021484644,0.0012589431016265,86.68467107866886
12,5,-5,40,1.377871415374126,-0.0016061837497374754,0.0231043500092595,0.0011418799914505,69.49634892783331
12,5,-5,55,1.3950105320902668,-0.0025293601051111143,0.0211379546319218,0.000928427372603,79.71854746664644
12,5,-5,70,1.414479289572495,-0.003724290851355737,0.019816219985128,0.0008033222713288,87.41641345639644
12,5,0,40,1.5601314747348265,-0.03873997629536394,0.0305408402771862,0.0006928829035813,69.81751418852478
12,5,0,55,1.5922245961839572,-0.04259990159117233,0.0276293474462582,0.0006015224829116,80.43488537152899
12,5,0,70,1.6200741315112233,-0.04538760968766933,0.0257373526977387,0.0005414667246165,88.27949681701041
12,5,5,40,1.697387542168351,-0.07006090837150895,0.040584048977101,0.0005056748647934,70.23934312014742
12,5,5,55,1.7358162653370142,-0.07495920712986395,0.036948417658286,0.0004424762900231,81.2538906687121
12,5,5,70,1.7686670970527447,-0.07862069420577457,0.03455900534713,0.0004008276608858,89.2986172381081
12,5,10,40,1.78576049057732,-0.09555094753236648,0.0549230165619308,0.0003795658611381,70.30810412878871
12,5,10,55,1.827823661908886,-0.10097015999826793,0.0508736824367087,0.0003346066082684,81.99669582701682
12,5,10,70,1.8642843160419096,-0.10531652677283972,0.04811436626245,0.0003066210486022,90.31641281882648
12,10,-10,40,1.4189856747311351,-0.0035749309210374633,0.030620352357287,0.0012380023325313,69.93388205675429
12,10,-10,55,1.4624904835626973,-0.009921612668754493,0.0273067260629951,0.0010833576352991,80.46025477863296
12,10,-10,70,1.4975085992137056,-0.014250422502946567,0.0252152842023818,0.0009715109140384,88.24445972694072
12,10,-5,40,1.5923814720749918,-0.04185012936050753,0.0396179143719919,0.0007832040060464,70.23199893414635
12,10,-5,55,1.6319152641095007,-0.046701575588213196,0.0356659281775576,0.0006767441218094,81.16877910118615
12,10,-5,70,1.6668214127737913,-0.050653798390566156,0.0331099036728806,0.0006069441139027,89.16030257504168
12,10,0,40,1.713649465207606,-0.07466102636636661,0.052728283685301,0.0005643949052194,70.37092685730204
12,10,0,55,1.7548345484051988,-0.0794618788975498,0.0482891071177133,0.000490475808924,81.90641373512398
12,10,0,70,1.7902500999808204,-0.08325604853342594,0.0453705632235355,0.0004437765233294,90.15661409370033
12,10,5,40,1.797215069593426,-0.10536994386520701,0.0673295006920096,0.0004443937639487,69.52862801748051
12,10,5,55,1.8420089698815725,-0.11061041643616137,0.062316676438592,0.0003938116328257,82.06266557907821
12,10,5,70,1.8799277049346812,-0.11478028745518072,0.059027181896814,0.0003646261872302,90.7547568551987
12,10,10,40,1.8398573255115207,-0.13566717792576904,0.0852662511366114,0.0003624996255963,67.59065421104697
12,10,10,55,1.8872246544051727,-0.14130680522683417,0.0796470314600655,0.0003285557477059,81.04011687190835
12,10,10,70,1.927014557433813,-0.14585893092823127,0.075944207700681,0.0003137739824238,90.4932559275561
