seed,gust_amp,lift_bias,rate_scale,sigma_scale,delta,ebar,lag,nullrate,rate_max,rate_binds_pct,band_lost,jang,K_max
0,0.05352244216228596,0.09316802088617668,0.7339743708159556,0.9968829843824424,2.1413908343865478,0.0938835145953345,0.11205654857987075,0.006448666577472459,1.673222670890413,51.953125,False,0.0737820193637523,1.053409029882079
1,0.03691709883494289,0.034618403447515704,0.8492226599339742,1.1818324456218061,2.0205619875244083,0.035295582784687474,0.21967910313507827,0.0036555727692935817,1.0097603297191395,0.0,False,0.05778837086278896,0.628037002033897
2,0.03489583724429027,-0.03749723962904083,0.8077107019029227,1.3513971646500664,2.378779332453163,0.03933251313506092,0.19692631286238926,0.0034252264303783896,1.2650377883257629,0.0,False,0.060528047764516583,0.6120048265842806
3,0.05155198592385434,-0.006547839730171324,0.7810427718784522,1.2999619291649813,1.7417325198258393,0.008247110443830863,0.3048704874802656,0.003952861632769186,0.8524892158063857,0.0,False,0.06464495448555749,0.7821865638500887
4,0.06788847323004804,0.02074279320084376,0.8570963767567502,1.354888696266538,2.8592235436678584,0.021410892518542335,0.19113166964500083,0.004570480238365734,1.2733683399273985,0.0,False,0.07718457575420393,1.3991735301206878
5,0.030354834399635145,-0.12974977577133534,0.8165354666702955,1.328197732553359,1.631980339442803,0.13061535895971532,0.20455871363887596,0.005358231306438229,0.8436861844863027,0.0,False,0.06482087141803584,0.5792084264895994
6,0.06698601380044789,-0.09241490056573996,0.7331810017909887,1.2920557142622533,5.386177223887915,0.09349331312359921,0.4323892029678086,0.004866570044737072,1.0108052400676184,0.0,False,0.08567325001667257,4.010512749156936
7,0.04155351199505066,-0.01965602827603707,1.2877390943120264,0.9933103017873351,3.3233426299713873,0.021320818257594354,0.19001360900150457,0.003963345932337564,0.754734131558649,0.0,False,0.0629607265263046,1.01415131465656
8,0.051556134522855596,-0.00797479738501827,1.277730561149891,1.0059269552997512,2.9861496736931503,0.009662528267305293,0.2639283908630237,0.0039528616337440306,0.5471410291493767,0.0,False,0.0639482865645028,0.9539305512172325
9,0.03458405200544084,0.06170182290734338,0.9729377739580283,1.1927014694869778,2.3430325977306645,0.06239672535351071,0.1562721875533507,0.004183209675364043,0.9757777876046346,0.0,False,0.0664452502622573,0.6484922785821519
10,0.0304443722967696,-0.1402280506921693,0.8788340784099486,0.8766912474576967,1.5712139105226954,0.14108343619240338,0.2209301570399103,0.00527124877673855,0.763467030936383,0.0,False,0.06754079216986479,0.5691675315124107
11,0.04255118955542286,0.07931077275851244,0.8318631887119937,0.812486792215805,2.0221082174400555,0.08001719836618593,0.24274391412873164,0.004183210209623904,1.1964820595216932,0.0,False,0.06653249891718777,0.7113582002317298
12,0.035322749837327125,0.15083114135072076,1.1975300369538022,0.7177603735755469,2.4247670262190213,0.1517585244082671,0.15940013276162157,0.0008863005908806803,0.7831802200389433,0.0,False,0.10023614952192686,0.7137802508829483
13,0.05194119240172554,-0.12083189890731152,0.7281223806585079,0.8346549782097749,4.074078667329144,0.12188330329521824,0.22302925106105226,0.004275642326118127,1.0476844365285212,0.0,False,0.06149885157143279,0.9715554891660532
14,0.06724263502335484,-0.009009927606225385,1.096299995819959,0.7428040365499128,4.055434422697561,0.010679220512712861,0.21818948181360093,0.003984508389348554,0.9713598538540971,0.0,False,0.06588487037998482,0.7891729063980077
15,0.04187610731491438,-0.14413239182530793,1.1720778825458358,0.7439389026931017,2.1989804008545932,0.14497763230416383,0.2573190225832844,0.004614518965861434,0.5061857527575576,0.0,False,0.06685136804324017,0.6358401308469923
16,0.06594293884157132,-0.004350452714663915,0.9349283060280565,0.8336536280125784,4.190992572112474,0.005993350550109633,0.6317240456509282,0.003952861631277605,0.7285829886549331,0.0,False,0.06979045667929988,7.819459542110754
17,0.05291241199232238,0.07804268492898127,0.8860915111054085,1.3558439056859286,3.712156126339111,0.07874828070852735,1.565744440572435,0.004183210172023374,1.5781867598805133,0.15625,False,0.06989662866517009,35.12321544318754
18,0.04179687065776405,-0.031826193921128655,1.1823157730417975,0.8068079195851355,1.2275481861084254,0.033670355571318034,0.15885534793818343,0.0034252263561954216,0.7633153331063839,0.0,False,0.06021552811523834,0.5857960524815267
19,0.03203391173831667,-0.056142341849669326,1.2167717260858337,0.9173136914169655,1.3423362213292176,0.05746257607558247,0.19598981477956795,0.004398257031580445,0.6837146493859594,0.0,False,0.06511411297125862,0.5767942023657284
20,0.0648552272753512,0.003374431519332328,0.9105760908044973,1.2938124690834552,3.9875580733696534,0.004031165242731172,0.20593896450867394,0.004506454128330098,0.870555170249788,0.0,False,0.07324042635825981,1.9589221155749414
21,0.04545387540512327,-0.22575633359903435,1.0800695525002533,1.2243085992755933,1.2620498461406136,0.2262892427043498,0.24177525809357417,0.004297382539701996,0.5244718246183638,0.0,False,0.05976818447061978,0.5591350886827381
22,0.061813820810260524,-0.04945858990320513,1.1379769417393624,1.2538655454284595,3.5738048121520847,0.050781492369657344,0.2085600621802463,0.004329367827045513,0.5436553606347563,0.0,False,0.07676839469852588,1.588878195808796
23,0.04689873707120465,0.11709294085548518,0.9136483045236528,0.8905414398302985,1.8242397566834077,0.11782430937977817,0.14102945249511384,0.0026487810340365936,0.9594790053061322,0.0,False,0.0618012459888365,0.8177057413984654
24,0.04305577892022802,-0.034698290716622594,1.2248351016702554,1.2150361162312042,1.829822267583869,0.03653850491761179,0.19837652064980033,0.003425226393602165,0.5982666282562302,0.0,False,0.058289866457133854,0.6886585979186199
25,0.0441931882302322,-0.13983631440196817,0.9651311455900136,0.8284601508186573,2.376783003931415,0.14069737871722088,0.21746857905921063,0.005355410098637208,0.711619629077621,0.0,False,0.07009599698179558,0.6315763093379266
26,0.05135657893783575,-0.2726831250347576,1.25833132451707,1.1736892740697549,3.112762863213749,0.2729315586183526,0.31460972307072754,0.003926937559802365,0.4246094032298533,0.0,False,0.05752913823406034,0.6502982054667448
27,0.05191688595742464,0.29322830344334166,1.2440716017310522,1.0406707257735581,2.526172814430919,0.29430946530703483,0.11033310446098847,0.0008632942021094761,0.7758150858692757,0.0,False,0.11043891689919784,1.2656285106125251
28,0.06297365541646732,-0.09200582347088235,1.0912157293542355,0.8068234711948366,2.5330907723472054,0.09307765453273154,0.1985426649366787,0.004911301156045401,0.7310756686232038,0.0,False,0.08035262761391113,1.2681462943525204
29,0.034113162031435884,0.04765757981091213,1.2182889560782346,1.2351480628722864,1.975877507121053,0.04834329183863373,0.13975574222651865,0.0036555730710654275,0.748280421560967,0.0,False,0.05813741866276162,0.7716043449982934
30,0.04680920808200162,-0.23959940823549516,1.0881607207999069,1.0450479786961262,2.5312588009676134,0.24001324886095743,0.263749440213787,0.004842839429043134,0.5968487575951262,0.0,False,0.07001799992392868,0.6494596294644139
31,0.05324508188999823,0.07266954352443207,1.2983447158004333,1.196002616681518,2.249720632778792,0.07337162315849821,0.17733184256682716,0.004183210011216476,0.923860420665689,0.0,False,0.0683586525706709,0.9665287318093527
32,0.03492792296892789,-0.1636942956749046,1.1153659892769814,0.9380105097462232,2.0343329833729946,0.16441830167118288,0.1953702825344371,0.0057671407955209595,0.6581663401965769,0.0,False,0.06806102307405554,0.575409226590731
33,0.049827324331713475,-0.07561509499308625,0.9576291329634969,1.3278548557590666,2.343617455881463,0.0770205640793814,0.18029729364019126,0.003762594736709307,0.7738427960119916,0.0,False,0.05878316232934488,0.6566183669032137
34,0.06161605842664477,-0.1789979083225609,0.8616316237633511,0.9281785008012371,3.9760925294714755,0.179700130643214,0.19648092589886473,0.005224244153821388,0.7850277648267754,0.0,False,0.07515151152062889,1.181403017434642
35,0.053488467952787805,-0.11509766116815917,1.2004834229701187,1.0101730729955773,3.4790569684139077,0.11612611749360491,0.19418449901056425,0.004176334789573507,0.45467782664787426,0.0,False,0.07123379081457794,1.5000357879187147
36,0.045385284826775674,-0.20085526701710035,1.229980763442119,1.1090099469680301,3.098004355894888,0.2014363752619931,0.2539658281582848,0.005618129818008209,0.5848040249122677,0.0,False,0.07178549363751395,0.696381824543774
37,0.045229921877999346,-0.05433631799498423,1.2103443462545898,1.0119905332280796,2.552611479356893,0.05559328945638131,0.18037408705831498,0.004349372171199044,0.5777557124612966,0.0,False,0.06948994234712608,0.6572936113929977
38,0.0536935272990937,0.22520272012331202,0.9987090168569779,0.8990481037957978,3.1290558534059936,0.22621055876701512,0.1727188151204277,0.0008739883496131318,0.9584905963825235,0.0,False,0.10371346123984644,1.8686599888104525
39,0.04089090455868968,0.1287956873450827,1.1497406143161406,1.3198242186459233,1.9446699085350394,0.12988627974480238,0.10274887985767192,0.0005477338604821649,0.8516642990395724,0.0,False,0.09901472348440123,0.6881192086669271
40,0.05159408843616788,0.1211946928397596,0.9037718318596197,1.332794421481446,2.613993490385953,0.12192908647932565,0.13797760638102302,0.0026466139118402204,0.9975841295799207,0.0,False,0.06270477561775048,1.313294888088826
41,0.03306981232856888,0.056516000212364255,0.9695908080296162,0.7068980219168364,0.8897328830114608,0.057207509102945586,0.13908377395759094,0.004183209512910559,1.000453913273059,0.0,False,0.06675410974263431,0.6119434753210522
42,0.04995451876646037,-0.10802125406607051,1.2651032643131708,0.9171539525904846,1.3152884328867327,0.1090642836461373,0.2602292846112821,0.004771581747855841,0.49177949832511636,0.0,False,0.07726689513230152,0.6081763172250721
43,0.05202514192174248,-0.0454083263441009,1.1547003180823379,1.1626054269013344,2.9376484704746058,0.04722678427723537,0.18851470504756346,0.0034252265360802513,0.7800161951292843,0.0,False,0.05952184581865055,0.9248877577556529
44,0.06155782133923929,0.1036746232567549,1.1369564704417354,1.3825978455528163,3.319582311042004,0.10439699243855238,0.1339825728927039,0.00649478664796526,1.0851160223447678,0.0,False,0.07474779000940183,1.4802526101638231
45,0.05936040076635189,0.11888023083601078,1.007277992055804,1.3587672019212211,3.96813442818747,0.11961255051861563,0.8798266599752559,0.002658600009181578,1.154337073488704,0.078125,False,0.065958395633131,12.829222954539143
46,0.0418155793513069,-0.1653569376530507,0.887322060483234,1.123115358668362,2.1450320804119754,0.1660773550261001,0.16461127003611065,0.005794375969613237,0.8312227898945813,0.0,False,0.07173905811284595,0.5841419371407626
47,0.05513061010978592,-0.224796609628547,0.8165752275575971,0.8144048743625734,1.7836213160010619,0.22531978658294705,0.19142980911692592,0.004307495425498123,0.6980708143563581,0.0,False,0.06350980596182203,0.5910125401043245
48,0.06738786263930259,-0.24605574484593004,1.2683160327811955,1.2124895378473144,3.5175448978729276,0.24650439868466412,0.2921266655153827,0.004761729896906319,0.493082236802291,0.0,False,0.07966975337734289,1.0742772046016975
49,0.056558673518158215,-0.03245524680277116,0.9499471957855955,1.3932998819938645,1.9618982054387535,0.034300756868251514,0.17416553803194096,0.003425226364359736,0.901624460182748,0.0,False,0.060008110133738087,0.7482926461708155
50,0.06154893786846929,0.07530812692955585,1.089776094520412,1.3148306020468234,3.372967201625968,0.0760119332334035,0.3005854155785917,0.004183210090484285,0.7718767492258078,0.0,False,0.06856353339814313,1.4184437757317903
51,0.06207070278776027,-0.06380631256621577,1.0071491370252899,1.0763582699678067,2.668795559996745,0.06518037940617583,0.258475426769089,0.004320003658501416,0.6037700326219648,0.0,False,0.07694385662723724,0.9551075777552654
52,0.04063793254757862,0.03249209446968269,0.8708446739166492,1.2307913623953237,2.777686936339669,0.03316788237619295,0.14936977554833147,0.003655572718996215,1.181925344976304,0.0,False,0.05913085771761087,0.6786032133824975
53,0.057624019111568496,0.17908298663908068,0.9811200821870002,0.8701148243158664,4.366498473984561,0.1802667248088463,0.7012051052405537,0.0008228481992959779,1.0736826822408365,0.0,False,0.10621678891494914,10.16850579229231
54,0.030568248795033368,0.07498964651854836,1.0141130116114088,1.096580722660266,2.4300836661004186,0.07569324441108982,0.14680498088337252,0.004183210080947773,0.9431582636412823,0.0,False,0.06680254527157463,0.663056081150366
55,0.06904892730689735,0.19085476973010346,1.1591371263606076,1.2633103840634192,4.729879058386748,0.19201042214424358,0.3109568656861774,0.0007310144554334997,0.7297025449062845,0.0,False,0.10230745276617183,3.6485941230582357
56,0.057880634830566394,0.10030390518146809,1.0083325676897728,0.7999335421186293,2.928618636700543,0.10102406857945168,0.6973134642396452,0.006489932667540141,1.3062210942593038,3.28125,False,0.0758579877303031,11.499464759477808
57,0.04919122878346787,0.0679246874496727,1.16215952336781,0.7419504979902773,3.180090976705585,0.06862366208647153,0.1259598761730202,0.004183209867189029,0.9792632917446901,0.0,False,0.0672531661074145,0.8689469675076795
58,0.058115498626114315,0.06492907046531333,1.0318107310126103,0.7043365947517797,3.0024226101737215,0.06562608479478405,0.15417026231933617,0.004183209775266521,0.9685449115772519,0.0,False,0.06803100186727773,0.7310521185134264
59,0.05959839830711162,-0.05915919230230974,0.7535261222060419,1.2896067470588823,2.289212291558541,0.06050274408900802,0.16534688918232487,0.004421917490053735,1.2658222887874262,0.0,False,0.07516511783683578,0.6847713233358796
60,0.04890956400482795,0.25388305681536505,1.0727253532704668,0.928283582726272,2.5645861614433816,0.25506693059341456,0.10779931171418727,0.0008809897434352321,1.0114944603753384,0.0,False,0.104310134478396,1.1605292548955166
61,0.044833664517631974,0.1006719171891945,0.7036266909080738,1.1869843423436257,3.5772486445441354,0.10139232141263821,0.10742334011496213,0.00644710966180186,1.5840181666362187,60.15625,False,0.07282828760995567,0.7115232768900093
62,0.039564708433143414,-0.11141448849958116,0.8495668469876365,0.8651772444810769,2.3494598238889064,0.11245582571069779,0.18783139654435335,0.004193730467744697,0.6950034239591428,0.0,False,0.060043728402407556,0.6318351355566325
63,0.03550582492959504,0.08528497260445811,0.7497135227684587,0.7566331494016373,2.1938573370592414,0.08599530769067543,0.22315657082686202,0.0041832103850017914,1.496461350994936,0.0,False,0.06735267013974196,0.6426711146227639
64,0.03390367637863594,0.10833230052258508,0.7574774197509939,0.8074530099930582,1.5210735583454609,0.10905771767088557,0.1546234006562578,0.00264979930788197,1.2319636739715993,0.0,False,0.0615461132532897,0.6168288541619297
65,0.055296131153621496,0.0427069643844373,0.9265103236717372,1.3864757468712026,3.185774716273226,0.043389436782510726,0.1757909898829215,0.0036555729578238156,1.234212587758321,0.0,False,0.05979911946507287,1.0709831359209523
66,0.06977881325187746,0.015034553200319205,0.7702658968670077,1.3588666394124518,4.100549209152498,0.01569891712717819,0.3546138058564465,0.004491939649803483,1.0991552236392,0.0,False,0.07379296523811539,2.633477296404561
67,0.06270974423344448,0.06842106982999828,0.9481786249284901,1.1605490485737107,3.748939048023499,0.06912036929548071,0.14820055302825585,0.004183209882346404,1.1874751267931283,0.0,False,0.0683189706228793,1.8543245639112333
68,0.047849686768692154,0.049538675761352714,0.8489838893900606,1.1012317115330246,1.3398582074879077,0.05022561875888987,0.18298429134070424,0.0036555731136753253,1.0862903205389152,0.0,False,0.05817813623645454,1.2167111667215067
69,0.04732788123937291,0.06296105028682962,1.0024021645823291,1.3183118026467175,2.1344446229417775,0.06365677676051784,0.20800950744012664,0.004183209714452889,0.9086762075247289,0.0,False,0.06702934428654506,0.871965708229435
70,0.052243440975868305,0.23319703367534417,0.9356076239465569,1.2297677179489799,1.8296759350447835,0.23421434869465307,0.13014315096153778,0.0008798309198229718,1.1212628030138212,0.0,False,0.10360134261128548,0.8098738356755892
71,0.05606061685550227,-0.029247062642499794,1.1100755526330466,1.0542055693180448,3.7141282789872614,0.031093736596153332,0.21904670614524877,0.0034252263228875357,0.6126106722891957,0.0,False,0.057701949683316205,1.0504409349963653
72,0.06077096356694668,0.10207188514612782,0.9587174510721297,0.7615856306353456,2.247393840363974,0.1027932055026568,0.18420537893874703,0.006369213449289648,1.1011234784155282,12.578125000000002,False,0.07202682941876902,0.9111856267719186
73,0.03701685957084726,0.025180030579520132,1.278836210052643,1.2444158172663493,1.329352684943372,0.025851033565086556,0.13532862674488705,0.005121112224125239,0.6984543413667612,0.0,False,0.0765229252972071,0.6510317138752999
74,0.04410240316542753,0.11097263098849239,0.7574880228390214,0.7872513492691171,1.8800771128318823,0.11169977596013836,0.13724440059574117,0.0026493787646578735,1.2110859898246418,0.0,False,0.06109619864810778,0.7703992636058186
75,0.036563234077821874,-0.12211956785425583,1.1444322283149324,1.3383180954392098,1.9919548223845998,0.12317444841631497,0.198719838422788,0.004259299983215768,0.6393193422824432,0.0,False,0.060848693564170116,0.5811254088942083
76,0.06647268950787533,-0.021219948203606877,0.9231060297607945,1.225791643533134,3.61014344409383,0.022883831326537374,0.3722636199920251,0.0039528616429919065,0.6805139926318026,0.0,False,0.0669586007983086,1.0284255119291958
77,0.06711274947787356,0.015063727070566505,1.239812271200822,0.722201731699962,2.359322531795386,0.01572811008837882,0.42117977940199336,0.004513357788293706,0.6665153816621466,0.0,False,0.07352302085389181,4.284669340816663
78,0.05981488881001644,-0.18299123710527626,0.8014895110402644,1.3533717730800499,2.584071456243554,0.1836880101329199,0.22856205219376508,0.005266392202507504,0.8537320420219316,0.0,False,0.06934657467527046,0.7195372814206502
79,0.0421119015297692,-0.07267575394927307,1.1535016937612652,0.7473238011760965,3.456730940959596,0.0740940568169719,0.18215917656250527,0.0037417343218769787,0.523058499821266,0.0,False,0.05828325531744198,0.8285659947265828
80,0.04196182714757116,-0.0005455929695273215,0.7776817806939277,0.926240406025215,2.354481583373146,0.0020722719872063866,0.2510342788860639,0.0045023413586351155,0.9890094606421321,0.0,False,0.07235170459810196,0.676136807992985
81,0.03485872001639235,-0.05960955005791577,1.2892935982639893,1.3673344538612597,2.4597863851541764,0.060954986133228695,0.17747826129227245,0.004335560867726173,0.49776963994543577,0.0,False,0.06681762410126284,0.5962943563792605
82,0.0684165244781487,-0.06919987403519222,1.1894488590032928,1.2277587689344682,2.035936657037985,0.07062893484603405,0.2599323172574157,0.0038213989165753457,0.7870032342113543,0.0,False,0.062144582218729275,1.0425778421727143
83,0.03481871510901487,0.20465195082846402,1.0376985516141926,0.7012521395560537,1.7745169380398964,0.20580791821523192,0.10894954346047515,0.0006462340748186268,1.0400167075321023,0.0,False,0.09920593191778596,0.7515909705914713
84,0.049654730330560205,0.03601973150597168,1.1835978395369235,0.8164016495983311,1.6528441866119916,0.03669782785545106,0.13400778231775862,0.0036555728022724973,0.9436269602985727,0.0,False,0.05996475980243289,0.8297088018187802
85,0.05244967527847019,0.07372044004898377,0.7600815758571988,0.862165672268598,2.794881934646647,0.07442320738199304,0.20412772948015173,0.004183210042856374,1.4891627039597477,0.0,False,0.06765535078575474,0.7845913786038672
86,0.055450350168296435,0.31082230429108415,0.9925596130153538,0.8601109246157194,3.630282433689424,0.31208775436094327,0.22332960329238172,0.0009818465960099033,1.2459480091210435,0.0,False,0.1042797978056653,4.4172848036384
87,0.03753476969835601,-0.15288851655166075,0.7472093956555745,1.21705804330814,1.4256731548288817,0.15374079263272022,0.15119965997747215,0.004720021745364839,0.8208996469521602,0.0,False,0.06531950438930643,0.5490893314534984
88,0.05148942989045842,-0.045622039045931366,0.9890469357701508,0.8234011155422936,2.146665876594049,0.04743818086726037,0.29996488942010063,0.003425226538972142,0.6262352559869226,0.0,False,0.05747851416132425,0.7766799760399401
89,0.06450300680555271,-0.0666101772038639,0.8641011334777546,1.237774154796612,1.4513892982349204,0.0679571980459478,0.16473058061285722,0.004336886612213429,0.7509568967995156,0.0,False,0.0743765015851565,0.6292907569666055
90,0.04891315990137329,-0.11846991740739136,0.8226754076887449,0.9172869962112951,4.0369395587881645,0.11954752890552112,0.28962695263889787,0.004303389762263644,0.9936188496207522,0.0,False,0.07063290061228224,1.1587381802058268
91,0.058050174611264355,-0.08552009300438065,1.1626589937066036,0.9578978953201382,3.1387643141578834,0.08693908029642627,0.17468207531554752,0.0037932123135339755,0.7104334081874082,0.0,False,0.06258348302791816,0.8668078465765627
92,0.05601991745678339,-0.11675380120914018,0.9765340733229457,0.8682839457381234,2.6861994978363977,0.1178012044848874,0.290590801509475,0.004145324554639835,0.5724715933851731,0.0,False,0.06360904491687347,0.752088556150267
93,0.03848928865222305,0.030553683896283095,1.172345523654538,0.8663668329256269,1.7949037312002891,0.03122820333106535,0.16905843960774056,0.0036555726728718864,0.8281218926189182,0.0,False,0.05845843246097387,0.7286926508671903
94,0.06803822363363651,0.03908060352750197,0.7855726851226188,1.135025929350157,4.531367861131326,0.03976070287586686,0.3140463582212708,0.0036555728738442324,1.1722453893870735,0.0,False,0.058066132596443144,3.5731735463394623
95,0.040871442026312564,0.07829079016340244,1.1025145537719951,0.8519163971409958,4.032748927330941,0.07899654830132685,0.14181629457316675,0.004183210179390583,0.8709266563287653,0.0,False,0.06653546503831201,1.2475659432899615
96,0.06505914194449008,0.16717305578370487,0.871805504511057,1.347631204907921,2.9410614310390732,0.16793697828735965,0.18260467039313832,0.0026617813974446104,0.8943407811426636,0.0,False,0.06447022190860598,0.9004696630424092
97,0.03414049973534976,0.1895291245849577,0.8092007508634589,1.1007370884772345,2.286179116511548,0.19070674231384466,0.11152633323297631,0.0006208399138381042,1.2691324638115211,0.0,False,0.09835823786928037,0.6352075819955383
98,0.03907878028686439,0.029187120746166032,0.9508923489143737,0.8948662881536686,1.7642032548856588,0.029860745919342735,0.19848968589834512,0.0036555726401981633,0.9123916560386176,0.0,False,0.05779348057843335,0.9366278121157323
99,0.05996475818933756,0.23366864931885264,0.8933823943645527,0.854621049833965,3.6094871698477116,0.2346694914762113,0.3913879016169307,0.000868892604524519,0.9304544761234045,0.0,False,0.1021161030437299,3.9755007254384833
100,0.06638218695269618,-0.15967801581593308,0.8546727877244888,1.3250695537698145,3.463386397065886,0.1603943338499514,0.22277061336141893,0.005895625018529684,0.884834697633699,0.0,False,0.08523442479177272,1.7556838500289171
101,0.04247909737397175,0.05607055293183844,0.8584247836502108,0.8853252944339548,2.6856689559023352,0.056761770325888694,0.2571819658397787,0.004183209498844124,1.04895086295372,0.0,False,0.06870655233638866,0.8523850648134166
102,0.06628130128694143,-0.15082036144784758,1.0260831475420487,0.9109507854619135,3.281440782498283,0.15167364145621154,0.6179989886447781,0.00466191994277288,0.7970971284892956,0.0,False,0.08868080820975942,4.7947843968590185
103,0.058794145703919574,-0.15743555430904088,0.9290158900643861,0.9804359326905042,4.230989894648675,0.15816270884594186,0.23559949866616006,0.005897512931203148,0.8137186060896495,0.0,False,0.07384871622192458,1.2083857011195887
104,0.06042884553695979,0.20017983295629685,0.7740366647339196,0.9755343719667496,1.6845740078912947,0.20133722675411758,0.22140371993958452,0.0006697647606470159,1.103685675713846,0.0,False,0.1000374075055519,0.7916174670569076
105,0.04492947746864212,0.11478178210636822,0.8357079496568065,1.1319040009086447,2.2324421774786662,0.11551141977492296,0.161695043326176,0.0026471567639490983,1.0496704693301675,0.0,False,0.061018336889926424,1.0188125515095696
106,0.05992443539692104,-0.12270202702000882,0.7511973623405903,1.1990880225251417,2.9820353619090407,0.12374379261983559,0.2323272359888207,0.0042806650025728615,1.0359711659838031,0.0,False,0.06458445358802778,0.721389276892242
107,0.047997313679816606,-0.07091203049048202,1.1049991954397207,1.2236081143387925,3.3180469446867535,0.0723350448682828,0.22245956745407156,0.003743456083675209,0.5341863984623335,0.0,False,0.05856665158059821,0.7486314721632982
108,0.06388371651266485,0.038812204649895966,0.9052793804665472,1.2981955135253322,3.797511013041266,0.03949212836112381,0.706441896707422,0.0036555728675933203,1.1810631843493744,0.0,False,0.05867824766896464,8.131795333670993
109,0.04877866040945911,-0.2280058710402662,1.242175261920389,1.1863578118415565,3.469232995608746,0.22852675725829796,0.2521659460912322,0.0044307153473273995,0.47802163408723614,0.0,False,0.061886475073555665,0.8277575518643904
110,0.06595286316016441,0.09322067018101332,0.9414146065850456,1.0295510944265849,2.103612729934429,0.09393619834360001,0.14068624227200394,0.006460303926273191,1.2981926293740105,8.671875,False,0.07295730450643748,1.0492248486245743
111,0.05061514742023318,-0.05574814164286045,0.8575230364879831,0.9787910995211596,5.063207428781504,0.05706734318215145,0.23439729324431507,0.004351508063095308,0.8660068729811828,0.0,False,0.07246680414484738,1.626725844051833
112,0.057250620421234015,-0.19733434652542511,0.7523972436944678,1.0621447003492843,1.833114881426843,0.19792930376063378,0.16611188080780842,0.005673743226259554,0.9679541229151006,0.0,False,0.07503757239492789,0.6128831553546497
113,0.03371732318839172,-0.02770676426049769,0.9653168990496992,0.9788823375277258,1.0389885828789642,0.029560847658765876,0.14169633237150528,0.0034252263031212798,0.9534577978448685,0.0,False,0.06016894316207934,0.5429914569015123
114,0.04859160560604378,-0.09561313914297581,1.0542648242164758,0.9635815755703877,2.53867221216917,0.09668724433353582,0.22151208516366075,0.004902552956385588,0.7278416178922001,0.0,False,0.07856989459469683,0.9516688492649895
115,0.05914181933501453,-0.1648613811149283,1.2411808248696845,0.8841745753105128,3.2235308947367556,0.16558506786496485,0.3165750522737172,0.005735266650231516,0.5855455291120201,0.0,False,0.08040502212305035,0.9406868382078861
116,0.034291061405863646,-0.15596898861259412,1.103013489612867,0.7831976003022784,1.8698873023724174,0.1568185355973718,0.1645541348763416,0.00474651609688998,0.5608475951858685,0.0,False,0.06260253701105073,0.5493857081936698
117,0.054206828891162004,0.027025426732178205,1.1221211760790462,0.7733756117474233,3.9413633310222598,0.027697637320687418,0.16425517218087649,0.0036555725882465853,0.8249308724980542,0.0,False,0.05793005754486302,1.6968065561905006
118,0.03444294500563456,0.030249774002588187,1.2283815697755847,0.9037346597610536,2.8097096882896437,0.03092409456256684,0.12291765680124017,0.003655572665616437,0.7902552206377526,0.0,False,0.05851026491572749,0.6975614198724531
119,0.04720463089585669,0.02609645688855024,1.1162784524971334,0.7674469546057893,2.4764335918196085,0.026768059571370184,0.14492586524501871,0.003655572565819895,0.8292140462404286,0.0,False,0.05816781736117756,0.7789273107334513
120,0.0655079365368758,-0.13654538161877589,1.0877242076298348,1.1887679608505892,2.76015771491282,0.1374103287452414,0.19227154610123198,0.005349198509352887,0.6310168316873963,0.0,False,0.08795270021888926,0.8002063750713496
121,0.030918991480989547,0.39820286216075884,1.179457392722278,1.3073512224484714,2.1891285231537525,0.39956237532352823,0.0847213766027018,0.0009610901267588556,1.0210569665409754,0.0,False,0.09981531341841157,0.6300055835694803
122,0.03275352145702124,-0.05959713659356966,1.1910626277650054,1.3529894781388785,1.9114018918867604,0.060914334456699915,0.22199973073363471,0.004329591651984821,0.513455601405596,0.0,False,0.06953624644948636,0.6038540395577627
123,0.06453996174362503,0.06197530646736429,1.2166421851190574,1.244639174736923,3.7830351218218166,0.06267038787879531,1.7038370927257982,0.00418320968386524,1.029988840927347,0.0,False,0.0676745997699466,24.713311494187977
124,0.046152647375528724,-0.09185346192226791,1.0039591924309947,0.7524785805321236,1.7908727783492386,0.09294541828006742,0.13756538883604516,0.004840612536070528,0.6569904541846442,0.0,False,0.07746745121831526,0.6420520632774281
125,0.055018884385115575,0.16698852666484645,1.1549258584631474,1.2776134508688024,2.9248717259938495,0.1677523284122453,0.17159500612414597,0.002661222854025502,0.6761716501872052,0.0,False,0.06498834123705777,1.5938743863913514
126,0.036183126503109994,-0.07000127719700477,1.2297621695528105,1.196300799608959,2.2089239910319765,0.07140837267278977,0.16427077308318802,0.003745571787660899,0.5020086477363228,0.0,False,0.05851240557267347,0.6361488484112745
127,0.06845409907912937,-0.17389193888816373,1.1444461400225097,0.8412645183786492,4.280252362695913,0.17459118231129567,0.22874283177640609,0.005261734637380147,0.5975363596958492,0.0,False,0.07659542149989869,1.7537168813554698
128,0.05173480082817397,-0.1791703338507589,1.02589109376389,1.0900734616614574,2.390255711191965,0.1798740304688936,0.29831642203293546,0.005086895274861604,0.635935284033764,0.0,False,0.0679579916428246,0.6636434235737834
129,0.04884347261268289,0.02079749479265392,1.2440805475250751,1.0497799872098172,1.0064562257303844,0.021465629906315176,0.18625257691515873,0.004535999359540991,0.7995959948119885,0.0,False,0.0730043245926132,0.5849130540793186
130,0.06877169738231753,0.014959139494455374,1.2065962798503045,1.2428918393653254,2.8942925506998156,0.015623454071690412,0.15879658784575953,0.004562200157374116,0.8421247271717659,0.0,False,0.07319365215214273,1.0152752133950198
131,0.03577555534811807,-0.02518956039303299,0.7205518106674541,0.8024719124926637,1.7020892751534977,0.027047479662297813,0.1944571001797841,0.0034252262710205835,0.9693683015034177,0.0,False,0.058084234700051536,0.57515391405951
132,0.053927632364628185,0.14081963356383567,0.7502357931726753,1.337776107831334,1.985568163424289,0.14190789885937094,0.19930606673276952,0.0006210300323279634,1.037446036369777,0.0,False,0.10173578269392389,0.759046892124196
133,0.06006541354630345,0.11354212218997296,1.1408562316613495,0.988728405222306,3.6742209042533243,0.11427131580504324,0.150659748453782,0.002647494812064304,0.7780706974091326,0.0,False,0.06261011511010857,0.9853531737423713
134,0.04484478272217891,0.11520222849198955,1.0111731297775324,1.3010905039451828,2.083050780620546,0.11593218008662243,0.16444958441108076,0.002648186485473721,0.8695556547895394,0.0,False,0.061964490471190965,0.7490002027140991
135,0.038690399289669906,-0.21344999689684255,1.21099991040592,0.830410286799395,3.259798474304522,0.2140001422465595,0.24393361039621742,0.004943296593704039,0.529981102204136,0.0,False,0.07549690698604776,0.7833064845720268
136,0.04935776049998272,-0.07652533241724176,0.8308039019163618,1.1802522066911352,2.8254321011928423,0.07794979314118111,0.23186520460976134,0.0037373865003735088,0.6601273418022457,0.0,False,0.061420512418735036,0.8598891404192048
137,0.048777009361420307,0.10423485473618879,0.7829070560170652,1.0069403184123575,3.9676048027177804,0.10495759053124054,0.23857131181921637,0.00264765737639352,1.220552609522396,0.0,False,0.06128081442124046,1.8245165026722667
138,0.06379347512204557,0.0030752294790714267,1.0533756509325978,0.7896494301431491,3.2593347504788817,0.003731767409527631,0.27175600306293834,0.0045182053844612475,0.8755915085717452,0.0,False,0.07550872954229094,6.576883275239204
139,0.06311059551378298,-0.0891855126227095,1.2639782225016098,0.7622673113420998,3.731886249108766,0.09019834685963501,0.31183937874608786,0.005392900687646481,0.5476959606129994,0.0,False,0.07738057091939951,1.0022895365508173
140,0.0318741697604363,0.25420949219235317,0.703120579168461,0.8465761280025723,1.8082950201863734,0.25539288084805567,0.2510691161308864,0.0007758957682373005,1.4952549291809736,0.0,False,0.10036944689833861,0.6355943315897901
141,0.052378075618708095,0.09476412540457081,0.8240438249101527,0.9499841910961305,3.216702662879209,0.09548066359647511,0.21207838673569177,0.006374832715645204,1.4060710593475323,36.171875,False,0.07334394703732633,1.8007467173972707
142,0.04142246263290727,-0.024763870628387894,0.8176032724470512,1.1776311654296103,1.9081062654114718,0.02662326271591897,0.178489544407894,0.0034252262656160434,0.896737493751667,0.0,False,0.05825490525803196,0.6208045589394454
143,0.06439148677326578,-0.0812489750195473,1.2593162489677179,0.9685485413146373,1.6983524397944545,0.08266642757076614,0.1821706228678338,0.003745453696675951,0.48713031584342686,0.0,False,0.06262703209211089,0.6807780574321513
144,0.06973929085876258,-0.03933748904299346,1.2841546467966607,1.0107404746435502,5.243608411623624,0.04116382776726213,0.4084866644710199,0.003425226454733459,0.49266563540525876,0.0,False,0.05737647771134288,3.2765608579907575
145,0.03404961045816972,-0.12115445535398965,0.7186853442315053,1.0672196023836638,1.0173070741352552,0.12219576415164968,0.16666011401156267,0.0041695972250491535,0.7619814107480373,0.0,False,0.05859131820435373,0.5455626204808656
146,0.04727582460641172,-0.08346530633151761,0.9347780129620453,1.0905921140762846,1.614977427192402,0.0848563280616057,0.17072577582853515,0.003775598582113012,0.8427361327964723,0.0,False,0.060179735078389196,0.5947859719680882
147,0.03494548115463512,-0.2402577077448878,1.1779551131084476,0.8576461901846114,1.5774959694144886,0.24068647297153112,0.2038308807648882,0.004802029658231368,0.5365896683275981,0.0,False,0.06567228941908479,0.5432838079320236
148,0.040704233641157404,-0.06650601285965159,1.065485866603141,0.8338849842109355,2.7534215209312176,0.06782857268033582,0.19846747019358235,0.004343128500866902,0.6577015784099685,0.0,False,0.07290384434546476,0.6772409995860119
149,0.06992218795628669,0.1531358562670067,1.018222286485719,0.783501150800116,4.254511960823404,0.1540757542378901,0.7381392815215474,0.0008897775965185382,1.0194281196469708,0.078125,False,0.11046476067656495,9.42718055516409
150,0.05043270640745838,0.05916195904433231,0.802579613750852,0.8523380711609774,4.335813598248872,0.059855199426099404,0.4100328477235605,0.004183209596096614,1.4265512738129564,0.0,False,0.06856760089060929,3.5341172170940274
151,0.06755263036742462,-0.05778307386538487,0.9572618973957557,1.0906029666384875,2.6463623418691764,0.05914021059621821,0.196295651051688,0.00442534896532628,0.9606363900322807,0.0,False,0.07462926656337192,0.7411952241558671
152,0.04192487130459695,0.03345263045238461,0.8759942311238886,0.7213362434312145,2.3208596198835143,0.03412904692185448,0.14629330202237448,0.0036555727417556753,1.0850090451602081,0.0,False,0.058247154195825435,1.1947171029080756
153,0.05321849959716608,0.015803618390074513,0.8808869983679094,1.0520011369307418,2.502316342633275,0.016468485581967673,0.15565819592345587,0.004557157178202154,1.1629078921499825,0.0,False,0.07280885404655678,0.7275673571084621
154,0.0312911514073312,-0.08110814674191764,0.7371960510503747,1.1368321733633737,1.8547955982535154,0.08249661220780935,0.1572401449013444,0.003752283010770276,0.9666098109771726,0.0,False,0.05976248816780115,0.5853218699974945
155,0.042052937569064204,-0.004031212513688376,1.0240260032360422,1.329258600892512,2.147938545700029,0.005765944292695946,0.15710282347011095,0.0039528616310615956,0.7772975552153842,0.0,False,0.06353573711443052,0.7052642607373933
156,0.06326338672614162,0.08292531644498041,1.0130198169511417,1.3916482229957703,3.244346416188705,0.08363410738667221,1.563798466764571,0.0041832103160791565,1.4001498910387478,0.078125,False,0.06926239330590256,31.707661218872975
157,0.036169023600286794,0.014827293392805857,0.704833791328419,1.0598295861506797,1.5755065153795662,0.015491521691885834,0.2473433752958128,0.0045119254624162485,1.1865744090884176,0.0,False,0.07101324780390611,0.6628395526389914
158,0.052850143327322505,0.04523510983811657,1.1044548011022766,0.8718939092263598,2.224767350197042,0.04591923662708308,0.11792180898220364,0.003655573015854809,0.9160495640925876,0.0,False,0.059250894631095175,0.7885590624108467
159,0.06802969301856682,0.01121652456511706,0.9927688521887756,1.3769387414692766,2.531569572003589,0.011878390030963581,0.19799313517820444,0.004505371246669601,0.8018924215043535,0.0,False,0.0768385713731496,1.1943418753008457
160,0.05762915440049111,-0.1981540494202696,0.9217892666750338,0.7762959784371118,1.3168745615194875,0.19872503255367668,0.23561134406737386,0.005657729786563564,0.7873072815117022,0.0,False,0.07770636337941829,0.5855723408101652
161,0.04387516776547603,-0.18710393856427426,1.0777817851467384,1.1865247688106855,2.1002015733921224,0.1877908931704444,0.25039970119486155,0.0044586753893475954,0.5379809217802491,0.0,False,0.062328120085124644,0.6106315917741072
162,0.0638604359491555,0.029819674300779465,0.8275129177406058,1.0195172695174568,4.14014594303443,0.030493713408955125,0.24558609083976213,0.0036555726553387582,1.0256526960165773,0.0,False,0.057982403072303595,1.2328834411956993
163,0.03638965483028681,0.06603499017663855,0.7657111188376681,1.0798713245113063,1.6961542829790464,0.06673272821082787,0.28974110343914367,0.004183209809292619,1.2645821929404295,0.0,False,0.06769144777061877,0.6156672922281294
164,0.042270043566732196,-0.03651095069917072,1.218179445458654,0.784151309983976,1.7567378453019196,0.03834833677158389,0.15614812167386677,0.0034252264173821184,0.6236838101063472,0.0,False,0.058329605724207624,0.6372289223750168
165,0.056247428960373665,-0.03440377197270223,0.8656205849234206,1.12366222127576,4.357942360698625,0.036244852618042445,0.6739881695767378,0.0034252263897505634,1.0199758007908195,0.0,False,0.057654461673950254,6.753561000707804
166,0.060617549421099516,-0.1544673255576152,1.2237120225774092,1.1541420286056665,3.098367921555724,0.15530459316764111,0.20425053312055813,0.004665741139748084,0.4921111813015559,0.0,False,0.07248124262255193,0.8950042713702918
167,0.039761124933083994,-0.024079422362670425,0.8917081620030968,1.059514999224893,1.7968867115321627,0.025769387437701075,0.19161245335306507,0.003952861645038691,0.8419181405381125,0.0,False,0.06288494653261731,0.6768857213046878
168,0.04421657165637746,0.06735216260566987,1.2965844991081155,0.7189901715114105,2.020817821291744,0.06805076258679765,0.1389175436984478,0.004183209849680658,0.749401981281042,0.0,False,0.06881074274113665,0.8336187951108935
169,0.04137304899967914,-0.04333941967363797,1.0605201179955428,0.8899805361628381,3.235883749233133,0.04515962762454073,0.19471187249446748,0.0034252265081835516,0.6584401922464428,0.0,False,0.057978427448786285,0.6709192077301976
170,0.04362558556916144,-0.0012036967384566144,1.1518308043019059,1.315302359030819,3.070132675418252,0.002934440499955948,0.17904062798763057,0.003952861629158038,0.7091619144428903,0.0,False,0.06388073345626762,1.2363449803488047
171,0.030592443696496344,0.09074669146789,0.7176776399159631,1.1468795624554136,2.038348508602674,0.09146060067182016,0.109568511544262,0.006447501980412423,1.4019129621348625,51.796875,False,0.071355708564478,0.586968170844
172,0.06902026006849168,-0.02801812951583385,1.1761652343993614,0.8467991720276749,5.1489233845533535,0.029865635783066113,0.350401611102082,0.0034252263071096445,0.5133638871014432,0.0,False,0.057394570058026353,1.8871882969855585
173,0.048244854795089255,0.04127397585515522,0.9857928732455534,0.7124741356902884,1.2752107045865584,0.04195551052147373,0.12371969527067261,0.0036555729247431173,0.9887643555460667,0.0,False,0.05872109127944959,0.7361041913408515
174,0.038075200905341694,0.07224485463057892,1.1735449584311584,0.8383628676744599,0.8548080275914496,0.07294665635139785,0.1527780756615449,0.004183209998402214,0.8115860205633706,0.0,False,0.06727784464034793,0.6339598192262973
175,0.046607321825606146,0.06050862403776919,0.8968385888643404,0.7060818161171416,1.9872630000925333,0.06120274566507611,0.17014618195299064,0.004183209638195755,1.113852430349706,0.0,False,0.06724489670736161,0.772986118306745
176,0.05398821074276036,0.2495746551062646,1.1677293658175527,1.0876009934428827,4.611730785127643,0.25082246825970356,0.2660109060230578,0.0008183232523442123,1.1489161710012363,0.0,False,0.10190349365156368,3.3826347758142483
177,0.06606478577328609,0.25480910130705287,1.2385788648705893,1.1365659776193051,4.9555725009322344,0.25608071029893775,0.8997234752677801,0.0008501845249436909,1.0010368141792307,0.0,False,0.10312154499140305,17.42713534820683
178,0.03246468390555867,-0.0030229041961500557,0.7478659084867614,0.9385624667163737,1.7831010364858488,0.004729434658525156,0.1542973401384494,0.003952861630380674,1.105882346054894,0.0,False,0.06240447401413345,0.5897881506212801
179,0.037285010522155784,-0.07741669730870003,1.1294622328837423,0.8320533680863835,2.0434551747792065,0.07881167185453997,0.19565539633474857,0.00380506905587831,0.7693645073675931,0.0,False,0.060935975530116614,0.5734851700775706
180,0.04048627076391439,0.06989064274011406,1.1984562628323459,1.0925799337807152,2.69921120392208,0.0705909038825947,0.1491113486641905,0.004183209927097334,0.7989538829153111,0.0,False,0.06698779371554876,0.7812184349471467
181,0.04934099413286416,-0.1245589504981792,0.8803179020270141,1.2756860326826724,3.641444217456122,0.1256372648190106,0.21556937954795824,0.004158910088865364,0.6277531091591287,0.0,False,0.0698077568077014,1.0043212116905578
182,0.04532013080722931,-0.14741993336787418,0.8957244376838235,1.3588724408233313,3.4287189725348224,0.14826255291746182,0.2250161648589164,0.0047421849047012766,0.691042042990898,0.0,False,0.0704370352216062,1.3172704939251334
183,0.03771412093861439,-0.0005588981021803613,1.2381349109714022,1.256984473634045,2.8814301161943345,0.0021905250842397805,0.1685411860451327,0.00456240594495114,0.828103428058561,0.0,False,0.06992649903962622,0.6648015685238596
184,0.05888261445390815,-0.1538885422718154,1.1078370050845048,0.822504132216398,3.1268240262404343,0.15474402534715626,0.24164185108509967,0.004623376985086082,0.5363939096458618,0.0,False,0.07054929899468942,0.6898990299114163
185,0.06494955933165175,-0.039903578301092354,0.8492819458755316,1.0885390426840758,2.020392874748411,0.04173240770624975,0.19985703994329035,0.0034252264622529434,1.1683431640170263,0.0,False,0.06063473711454279,0.7999370757469801
186,0.06921641031867572,0.1780063533752733,1.1864208991154164,1.3175227571029122,2.658804760221574,0.17913919563375247,0.19002839715000405,0.0008424082090462602,0.8467517895483945,0.0,False,0.10687759499471447,2.1145805698912232
187,0.06853072148245681,-0.19815082589974767,1.2736172791731868,1.0765918982496174,3.774543382156771,0.19873172289579377,0.230035203208366,0.005757013930543618,0.5836160075724179,0.0,False,0.08957265611153474,1.7875841365719962
188,0.06763579850924023,-0.01460368935157018,1.074844075944431,1.0428618241822867,3.8889369011788526,0.016309394893275875,0.1945237183003543,0.0039528616383258455,0.7058958005287377,0.0,False,0.0650923723293347,1.2964180943984713
189,0.06429756893844006,0.08447062211363628,1.2272895827081007,0.9139954321757191,1.8158414413476474,0.08518042429381434,0.13558230552829437,0.004183210361266285,0.7861903455278807,0.0,False,0.06924798005751506,1.9450163965770915
190,0.055491136796870934,-0.009484050909631418,0.8519568628793679,1.398437461058611,2.9673769507467895,0.011178339818158967,0.1969848003201392,0.00397350392193362,1.2242739257333897,0.0,False,0.06489882818558067,1.1109853353848393
191,0.057354014275285956,0.31617358996730166,0.9492716098100724,1.3882799857815737,3.5661921719488725,0.3174191311261365,0.10568945397734869,0.0009716903332197841,1.2697429527168336,0.0,False,0.10388103353536962,1.708079857637899
192,0.039351184253301946,-0.12375553282595299,0.8472068713584495,0.7213883378791719,1.7720907773775028,0.12479703595136171,0.19679766410354216,0.004161419156187198,0.6503924724526311,0.0,False,0.0596454456982336,0.5594982493614303
193,0.04606451156803743,-0.10029538031270065,1.03541737376263,1.3562022274133603,1.9175834431181515,0.10136558442771737,0.2186962830455619,0.004788332413585436,0.5974402456023524,0.0,False,0.0749122260530924,0.6538280127219022
194,0.041593001033025295,0.25219900241615034,1.2511607914045566,1.189552541198125,1.5178725199348542,0.2534235878191671,0.20314462207251185,0.0007598190736221327,0.9489957170941897,0.0,False,0.09980675828422494,0.6345825935841289
195,0.06357072853989565,-0.04560884124960708,1.0052628386008524,0.8950830669769602,2.7800771335540926,0.04742571999099365,0.25898740617241917,0.003425226538793333,1.0270938970417418,0.0,False,0.0607849805953793,2.013354051697262
196,0.04222662075011898,0.14803226894041888,0.8794470957747916,1.1409365160926508,1.363872300344659,0.14911950556736353,0.135346118562495,0.0005581463951495533,0.9417790862417346,0.0,False,0.09938789947255877,0.6787924045100362
197,0.03073484993554212,0.08296224424719476,1.1037508135932335,1.2666122488493636,1.8460701545863902,0.08367105935420938,0.20937201369601652,0.004183210317160628,0.8240625372249022,0.0,False,0.06606281074124373,0.604559842827074
198,0.058146212634777136,0.17061947224626617,0.9702507583528821,1.0927974322108929,2.2757396527708775,0.17138565009289608,0.1473957065780001,0.002658192354852754,0.8569644877946707,0.0,False,0.06347475482349792,0.6969305890854385
199,0.06181245335173179,0.011093337110344171,0.7569394846959187,1.1410739405783177,2.4540170447264162,0.01175512196419004,0.29827365695430036,0.004496643951197669,0.9523996720084507,0.0,False,0.07648046979344407,0.9174815310111171
