seed,gamma,whole_max,settled_max,descent
0,0.5,0.10324209758932246,0.04777886238639284,1.8659377222198685
1,0.5,0.06414564199086659,0.03737672394253977,1.1759233755917933
2,0.5,0.10146339853775044,0.09063099593117285,2.0162116088441735
3,0.5,0.14579289594338496,0.14579289594338496,1.7149028752813251
4,0.5,0.04548250217014971,0.03806998672421513,2.1336140207205005
5,0.5,0.0770776232942072,0.0770776232942072,2.0173102473788305
6,0.5,0.07497867368438271,0.023777609617833262,2.018957040169468
7,0.5,0.04648266667336043,0.04648266667336043,2.0208907968295193
8,0.5,0.11308118354271168,0.11308118354271168,1.8145707350017943
9,0.5,0.06738157448587945,0.018419757752997645,1.9296499777341438
10,0.5,0.08168606893973651,0.08168606893973651,1.540724528369239
11,0.5,0.07919324717122,0.04286856215191892,2.0693691864056802
12,0.5,0.08470294375626408,0.07997776475181628,2.0934014767197056
13,0.5,0.11307164162650607,0.11307164162650607,2.058110938035753
14,0.5,0.04127320638086829,0.038121442332602395,2.1992799850809206
15,0.5,0.043151560845262615,0.03834725136408457,1.1611443253381992
16,0.5,0.06277268055652119,0.06277268055652119,1.8696023034281524
17,0.5,0.07616039468429658,0.07616039468429658,0.9590452675876691
18,0.5,0.07228710169916641,0.02453438307242939,0.4672226116448712
19,0.5,0.10267833480589017,0.08529332705073878,1.7009896129220294
20,0.5,0.07191522627128388,0.06163184424684043,2.064943109744931
21,0.5,0.0637798936475853,0.02892986405463982,0.875991037859535
22,0.5,0.09620329451152188,0.07323259233210422,0.6895576726094674
23,0.5,0.08069803589494295,0.07423894379775087,1.2953747043480774
24,0.5,0.05720372974016219,0.05720372974016219,0.619758882382655
25,0.5,0.06488456447392754,0.04610213620532044,0.9575467122113821
26,0.5,0.06525123763134677,0.056171316664462845,1.903898076711684
27,0.5,0.055720537794970104,0.055720537794970104,2.1046016785893187
28,0.5,0.0409855758330242,0.029408163664685683,2.0500926803058377
29,0.5,0.09396219605153955,0.09396219605153955,2.042204403280408
0,1.0,0.1050513131481392,0.04730577017186843,1.8947259724606624
1,1.0,0.06412912639366652,0.03737589192547652,1.1804882949920454
2,1.0,0.10383103185648812,0.10298015326698384,2.1398840077316095
3,1.0,0.14875232407267203,0.14875232407267203,1.769862376215798
4,1.0,0.045151581190400414,0.03932630565871764,2.1836975652591235
5,1.0,0.07083818309832446,0.07083818309832446,2.1105384736794264
6,1.0,0.07496821629857209,0.023778287645814133,2.0239930651325153
7,1.0,0.04637390946503217,0.04637390946503217,2.0632356758325727
8,1.0,0.11593886581944357,0.11593886581944357,1.8302666195849326
9,1.0,0.06738235348189714,0.018419829591042713,1.9341848406146767
10,1.0,0.08088856122658661,0.08088856122658661,1.5473761770859085
11,1.0,0.07926128637087348,0.043864948454825914,2.1296081845678003
12,1.0,0.10561841375201597,0.09712546276608114,2.1761895639348268
13,1.0,0.11427948417695766,0.11427948417695766,2.149933610918623
14,1.0,0.04441387650636219,0.03714721173957969,2.2341331453509667
15,1.0,0.04313969026019304,0.0383475203625081,1.1653653941856987
16,1.0,0.06434133282096788,0.06434133282096788,1.885890918552633
17,1.0,0.07616212533847722,0.07616212533847722,0.96157960578158
18,1.0,0.07228710169916641,0.024535127898809295,0.4673367399020947
19,1.0,0.10268292567060211,0.08488157168961208,1.712865453226911
20,1.0,0.07130974153165348,0.06058692573895463,2.143412156070383
21,1.0,0.0637838952384977,0.02892931529562559,0.8781538094662409
22,1.0,0.0962112880702537,0.07323228534526782,0.6901361929239158
23,1.0,0.08069098366991567,0.07424128496677218,1.3001047682331972
24,1.0,0.056588312469154634,0.056588312469154634,0.6198925643313231
25,1.0,0.06487704848794529,0.04610250519210868,0.9601154801872838
26,1.0,0.0646241001282386,0.06019153582472714,1.9682097377225602
27,1.0,0.061104724529128074,0.061104724529128074,2.1647229763438247
28,1.0,0.041034739841107726,0.030461330061803515,2.0802315989649856
29,1.0,0.10042607404167314,0.10042607404167314,2.1612913807770724
0,2.0,0.10132189382045476,0.047764425166599844,1.908317428965148
1,2.0,0.06412580800558842,0.03737542525954041,1.1805263502705259
2,2.0,0.10641775574028078,0.10641775574028078,2.190808142501183
3,2.0,0.4839004396189598,0.4839004396189598,2.032832165383681
4,2.0,0.04759963228769659,0.039702329814419235,2.209506046543339
5,2.0,0.07322538907964748,0.07322538907964748,2.180122083750277
6,2.0,0.0749604703017297,0.023778625894747885,2.0239375638592634
7,2.0,0.04681318608335139,0.04681318608335139,2.098157233610607
8,2.0,0.11628567016382041,0.11628567016382041,1.8370456895737703
9,2.0,0.06738398565068304,0.01841953770851501,1.934270790733791
10,2.0,0.08091486753406918,0.08091486753406918,1.5474555787483268
11,2.0,0.07919711099439608,0.04202133121612617,2.1819509480743307
12,2.0,0.10265512174487013,0.09623166092246649,2.189162772832006
13,2.0,0.11274423395842947,0.11274423395842947,2.216112374903247
14,2.0,0.041894238202675016,0.03507046711276263,2.237989740599261
15,2.0,0.04313134480387637,0.038347291597654376,1.1653851100268326
16,2.0,0.06298768970348312,0.06298768970348312,1.8866167114722145
17,2.0,0.07616303589403417,0.07616303589403417,0.9615905157643141
18,2.0,0.07228710169916641,0.024536698847377192,0.46679364523069466
19,2.0,0.1027108802793395,0.08518927558352751,1.7122342498742853
20,2.0,0.07253418121534216,0.05459645033564309,2.2048337390696275
21,2.0,0.06378280393685998,0.028928997894010378,0.8781639441063476
22,2.0,0.09626414642315528,0.0732321461983847,0.6899610501093889
23,2.0,0.08070187971026255,0.0742435776023167,1.3001194268341294
24,2.0,0.056569282948505606,0.056569282948505606,0.6198613751964643
25,2.0,0.06485368209944453,0.04610093783734359,0.9601289563084379
26,2.0,0.06152009517174317,0.0596020946344209,2.0228207300318957
27,2.0,0.05602646447610904,0.05602646447610904,2.2226668979576942
28,2.0,0.0410355261592239,0.030062663782517873,2.106211400100989
29,2.0,0.1002764625472603,0.1002764625472603,2.2368818332970193
0,3.0,0.10164496715767268,0.04792571496478937,1.9128016526804572
1,3.0,0.06413046014316004,0.037375176518845254,1.1805371710778445
2,3.0,0.10556105766504165,0.10556105766504165,2.1979414991899944
3,3.0,0.15628008125980863,0.15628008125980863,1.831781511825156
4,3.0,0.04904378834605594,0.03791980641851245,2.2201890428244155
5,3.0,0.07614565075133384,0.07614565075133384,2.209780819008273
6,3.0,0.07495637298216895,0.023778831864926575,2.023904889198718
7,3.0,0.04438982603015984,0.04438982603015984,2.1146866287867283
8,3.0,0.11625106607344105,0.11625106607344105,1.8313501659276739
9,3.0,0.06752990043353724,0.018426256285623888,1.934310492847544
10,3.0,0.08172716844598438,0.08172716844598438,1.547418659350086
11,3.0,0.07919063497321277,0.04226184139767897,2.206873748062222
12,3.0,0.09859174426189088,0.09401674195408694,2.1929396911608876
13,3.0,0.11054385396600597,0.11054385396600597,2.2348366488382396
14,3.0,0.04127320638086829,0.03381582078791556,2.2390684434217576
15,3.0,0.0431404306340859,0.03834199487224765,1.1653839300979882
16,3.0,0.061204195731194844,0.061204195731194844,1.8820399414670703
17,3.0,0.07616312288885752,0.07616312288885752,0.9615901125987847
18,3.0,0.07228710169916641,0.02453713295955695,0.46675940904275137
19,3.0,0.10777748923391983,0.08320210745767342,1.7134398438084446
20,3.0,0.06960172953485322,0.04918272057143103,2.2283033448896674
21,3.0,0.06378139808448258,0.028928658031363907,0.8781607483485487
22,3.0,0.09624410529649374,0.07323206760974688,0.689863740373454
23,3.0,0.08070291642927963,0.0742437401156637,1.3001187661583202
24,3.0,0.05656854899957553,0.05656854899957553,0.619835985184551
25,3.0,0.0648548306997061,0.04610101393230148,0.9601278660011872
26,3.0,0.06052145622846061,0.06052145622846061,2.047122813598577
27,3.0,0.05227334545746798,0.05158931949123757,2.241118925445022
28,3.0,0.040961771524089086,0.02931317930724564,2.1193769452065254
29,3.0,0.09817569703297901,0.09817569703297901,2.2640887283798463
0,5.0,0.09949596636378644,0.047480312041217276,1.9164850098989206
1,5.0,0.06410176944489243,0.037387722329583095,1.1805581638507618
2,5.0,0.11680457412969192,0.1080210486111659,2.20142473984491
3,5.0,0.2785560475883202,0.2785560475883202,1.659581245702583
4,5.0,0.04938982473057196,0.03502408770380461,2.2337485724670785
5,5.0,0.07602446209357017,0.07602446209357017,2.240742701288241
6,5.0,0.0742336100769081,0.024018018115063322,2.024020920398385
7,5.0,0.041397231411465674,0.041397231411465674,2.129392322114441
8,5.0,0.12019754268869276,0.12019754268869276,1.8173552701616984
9,5.0,0.080538432089037,0.018441279505349906,1.9343830780871087
10,5.0,0.08166323065796965,0.08166323065796965,1.547547662234905
11,5.0,0.07813440069119593,0.038942393917617,2.2295466883331727
12,5.0,0.08934974870512669,0.08684484701013306,2.1908998483931157
13,5.0,0.10270100463882903,0.10270100463882903,2.2464270196870615
14,5.0,0.059238484010728065,0.031194030864614586,2.2392639044198575
15,5.0,0.04313532443287471,0.03834817128459678,1.1653826986277522
16,5.0,0.05978134151950032,0.05978134151950032,1.8772312950434156
17,5.0,0.07616279839059747,0.07616279839059747,0.961586857015547
18,5.0,0.07228710169916641,0.024534509945175254,0.46671311096363866
19,5.0,0.12427644793822057,0.0825791710992112,1.7108092545268079
20,5.0,0.06322373596844355,0.047140880405431185,2.2461706238314605
21,5.0,0.0637931081251304,0.028931498589536586,0.8781551709854796
22,5.0,0.0962736238285038,0.07323201328387352,0.6897592843629923
23,5.0,0.08070045805872827,0.0742434199919817,1.3001205128213655
24,5.0,0.05647432332314972,0.05647432332314972,0.6199886866443052
25,5.0,0.06485889017460544,0.046101287835685456,0.9601214827661408
26,5.0,0.060435569316675375,0.06013625823592239,2.0690749937121495
27,5.0,0.04895674044152121,0.04866516387601383,2.244610358776839
28,5.0,0.04219340563610685,0.028548099208069333,2.132105551429902
29,5.0,0.09418021413473854,0.09418021413473854,2.2828160669900086
0,8.0,0.1071268173689981,0.04784157608506967,1.9187279523243745
1,8.0,0.06403307646035783,0.037390952181404646,1.180569051286085
2,8.0,0.1199535016846287,0.11100664677349736,2.199149805055555
3,8.0,0.13509399039825243,0.13509399039825243,1.7773097681513548
4,8.0,0.05689036851515317,0.035225265708994424,2.234367838977704
5,8.0,0.08200464347803837,0.08200464347803837,2.255384180164313
6,8.0,0.07443290105252398,0.023802396494521982,2.023692263343804
7,8.0,0.0377925929620857,0.0377925929620857,2.1385690549180083
8,8.0,0.1138136915363388,0.1138136915363388,1.8260732482578703
9,8.0,0.11098173742047224,0.018429235386643983,1.9343243245531738
10,8.0,0.08090988569822843,0.08090988569822843,1.5475170713110344
11,8.0,0.06605384093689937,0.04104240959389038,2.2441878821982897
12,8.0,0.10199420643850332,0.08316499198568805,2.1923584450657074
13,8.0,0.10061507463717567,0.09387514375277939,2.2518893423689263
14,8.0,0.08631944591510021,0.026270103627937802,2.242466006199379
15,8.0,0.04310143064350003,0.03833341572828486,1.1653869746188832
16,8.0,0.08307612359057992,0.054600029640322845,1.874892275905438
17,8.0,0.07604253774254643,0.07604253774254643,0.961592547278002
18,8.0,0.07228710169916641,0.025330802194936775,0.46710964475177263
19,8.0,0.20628982704653653,0.08079988370353353,1.7111627332200499
20,8.0,0.059258321846947126,0.050193509652726176,2.2517368343730624
21,8.0,0.06378576002722025,0.028929712891895498,0.8781511527250672
22,8.0,0.09642065017583024,0.073232083288026,0.6896827722893306
23,8.0,0.08078059865808007,0.07433623615771556,1.3000609207507097
24,8.0,0.05691350276099172,0.05691350276099172,0.6200618075729523
25,8.0,0.06491057741569217,0.04610487786542383,0.9601124498384337
26,8.0,0.05892944486720908,0.05793453774925794,2.089091847408227
27,8.0,0.06988198944005752,0.045488727513654625,2.246614822574699
28,8.0,0.05705329549724114,0.027174260107626802,2.1400688207876044
29,8.0,0.09044579031917177,0.09044579031917177,2.285308177715649
0,12.0,0.11639419634227233,0.04701974136171305,1.9207922109836915
1,12.0,0.06362429960703397,0.03547631875015611,1.1804118296242763
2,12.0,0.12164892383321013,0.11311767165953945,2.2033961496748304
3,12.0,0.12336043617754955,0.12336043617754955,1.8233698269361867
4,12.0,0.08094154664581343,0.0443686817626352,2.2317846004389423
5,12.0,0.10268474937380456,0.08918387222747803,2.2519975176623035
6,12.0,0.07414073854923098,0.023813545189793395,2.0236177023527517
7,12.0,0.04019945661117208,0.03698878463013333,2.144805760528982
8,12.0,0.11256956391588879,0.11256956391588879,1.826126520589213
9,12.0,0.13698626558905302,0.018423918395304772,1.9342983860029932
10,12.0,0.08092717469695043,0.08092717469695043,1.5474964324372422
11,12.0,0.06633750947551587,0.04279664247368076,2.253490661108316
12,12.0,0.11401254929620741,0.08470675839276587,2.1964331521947003
13,12.0,0.10297265521348331,0.087027725353092,2.254573666757267
14,12.0,0.10516827743432189,0.025898903921240946,2.2485717734183623
15,12.0,0.04308622813848495,0.03832931068093215,1.16538768124272
16,12.0,0.10253467877055766,0.050718467791880384,1.8693894851017916
17,12.0,0.0760422190377188,0.0760422190377188,0.9615859813140446
18,12.0,0.08375977917335642,0.0254844074704923,0.4674304902534203
19,12.0,0.1491127481179182,0.07657661818122286,1.714765456295055
20,12.0,0.06437692808153672,0.051776342186042656,2.2525950903423677
21,12.0,0.0629259972666274,0.029506811687991297,0.8780599623602114
22,12.0,0.09579812883315886,0.07323219948810666,0.6896400095742479
23,12.0,0.08043096159852614,0.07421400841583381,1.3001309803298113
24,12.0,0.06557167665004937,0.057204607759729686,0.6201663137852904
25,12.0,0.06471385894884096,0.046090543607025136,0.9601122340081218
26,12.0,0.06363758155268617,0.06363758155268617,2.1072005788515185
27,12.0,0.09252515668588046,0.04448415172434905,2.2487573784462995
28,12.0,0.07364823266487286,0.0257011834913512,2.145318204015254
29,12.0,0.09079320965820803,0.09079320965820803,2.28192320570777
0,20.0,0.12630927203343423,0.04725691840779578,1.9227158567623235
1,20.0,0.06380332146468826,0.03556570785844304,1.1804301115899136
2,20.0,0.12077278656143187,0.11632036731600803,2.2123016646677627
3,20.0,0.11757617847519031,0.11757617847519031,1.7581465726840406
4,20.0,0.10845896175137715,0.05201483382288319,2.2400684466645657
5,20.0,0.12248091508093895,0.09597818500020039,2.247098744969705
6,20.0,0.08596159922649038,0.023856057771173278,2.0232958507476866
7,20.0,0.05873845590597182,0.03544062386100233,2.150729511439849
8,20.0,0.116680590954795,0.10887272338255172,1.825986666605587
9,20.0,0.13912343675126748,0.01761700268865085,1.934079440178465
10,20.0,0.08166552072893851,0.08166552072893851,1.54756852957523
11,20.0,0.06944828899897382,0.04635604157115947,2.2554266725721277
12,20.0,0.11744680923504314,0.08842501800462466,2.210954051627567
13,20.0,0.10292611760822723,0.08337664315348414,2.2560130529687257
14,20.0,0.13047169575183237,0.03010116973476018,2.2525323241588637
15,20.0,0.043061516651121234,0.038317169196323775,1.1653920698214364
16,20.0,0.11483552613681547,0.043873811298405174,1.8607631422739672
17,20.0,0.07608369334985832,0.07608369334985832,0.9615740949610938
18,20.0,0.14301508457486078,0.025490492798665887,0.46743364241879704
19,20.0,0.3542868982000352,0.07235624710572197,1.719770548163126
20,20.0,0.07635569691726718,0.0536585222042143,2.2579786127108434
21,20.0,0.06380881130411864,0.028935303931745704,0.8781428211873106
22,20.0,0.09640151459009871,0.07323238050533543,0.6896144927382153
23,20.0,0.08047417643071131,0.07421844010380685,1.300130747376528
24,20.0,0.09230298526438951,0.05661395442186201,0.6197350372737702
25,20.0,0.06411652630252074,0.04594943025165965,0.9600643500292989
26,20.0,0.0774563175644003,0.0774563175644003,2.1289578127693716
27,20.0,0.1185459196718579,0.04434994689886351,2.25098277999534
28,20.0,0.09276604388005882,0.026501253160109206,2.151022118550557
29,20.0,0.11252577486757409,0.09159421717808125,2.2764970517048226
