theta,seed,settled_max,settled_rms,whole_max,descent
0.0,0,0.07397666765996602,0.024756182688779958,0.07397666765996602,2.1710642088229974
0.0,1,0.06341289832766828,0.02377261263050817,0.06341289832766828,2.18895602477275
0.0,2,0.10401575807364649,0.0306698544795596,0.11113663103517735,2.1628321927562126
0.0,3,0.06243732370720001,0.02100361654220033,0.06243732370720001,2.203145094447976
0.0,4,0.08916317225563808,0.03644235730795922,0.08916317225563808,2.196595346312094
0.0,5,0.057171906110336845,0.02522003458243928,0.057171906110336845,2.171118931434094
0.0,6,0.06573504748337755,0.033989632030010535,0.08883893569840629,2.159770879372388
0.0,7,0.07314744137454987,0.026345625822959066,0.07314744137454987,2.2013198825343068
0.0,8,0.04814233900803111,0.019273053543082005,0.057906538863673473,2.1454193910620347
0.0,9,0.09121669136601462,0.04465193836859813,0.1194096147688617,2.1639111951740233
1.0,0,0.07438713703617972,0.02479179139794051,0.07438713703617972,2.1707153367870973
1.0,1,0.06329223681183338,0.023716549495928874,0.06329223681183338,2.1886853029538003
1.0,2,0.10323554425689752,0.03052333380001955,0.11113522813332755,2.1631256844764977
1.0,3,0.06249293422591973,0.02098144776253146,0.06249293422591973,2.2032057002735286
1.0,4,0.08918607391309119,0.036460663793867226,0.08918607391309119,2.1966301170918427
1.0,5,0.057020771461220754,0.02521127709438634,0.057020771461220754,2.1716237760032016
1.0,6,0.06587586559933789,0.03402468985452117,0.0890019846056529,2.1597785532580076
1.0,7,0.07291768816699262,0.026343222898994927,0.07291768816699262,2.201694723840575
1.0,8,0.04810983000670088,0.01920210585613418,0.057906538863673473,2.1452309012310593
1.0,9,0.09123018160876151,0.04467532214427689,0.12569719219218056,2.1638176284983217
2.0,0,0.07410325075677204,0.02475978822010589,0.07410325075677204,2.171172539727948
2.0,1,0.06341127537282265,0.02362118501241583,0.06341127537282265,2.1888868360826734
2.0,2,0.10304976763183182,0.030504246910443535,0.1111449055689786,2.1632255628449144
2.0,3,0.062059194114689964,0.020886536243566987,0.062059194114689964,2.2030475029514918
2.0,4,0.08930089240764971,0.03649455906559927,0.08930089240764971,2.197130126945325
2.0,5,0.057161820328136326,0.025243470261180335,0.057161820328136326,2.1715135994438697
2.0,6,0.06588296003889327,0.03394572258400464,0.08920975575351586,2.1597981605525405
2.0,7,0.07304018562373948,0.026364461049140274,0.07304018562373948,2.201552858652647
2.0,8,0.04835954722889513,0.01931253704452305,0.057906538863673473,2.1456535555329026
2.0,9,0.09095658928665151,0.044628905644814705,0.12071974157931442,2.1634207293811727
5.0,0,0.0740530522582643,0.024820365518111346,0.0740530522582643,2.1713191307952115
5.0,1,0.06362712614710486,0.023663604282550984,0.07290531513928422,2.188771702344681
5.0,2,0.10284173174734912,0.03046120459650488,0.1111636479058824,2.163188551061623
5.0,3,0.06282935749770391,0.020980590126560058,0.07139076491213059,2.2027516559084575
5.0,4,0.08920701511308837,0.03644693917118093,0.08920701511308837,2.1965773198887035
5.0,5,0.057022931696219636,0.025128689728688286,0.06088465005263344,2.171356478527457
5.0,6,0.06611662527446516,0.034080836372279814,0.089377781910432,2.159715194649351
5.0,7,0.07327807318780755,0.02639510826624821,0.07327807318780755,2.2007905455308503
5.0,8,0.04882805067684792,0.019264395836114022,0.057906538863673473,2.1465668887148723
5.0,9,0.09187170503539477,0.044752358860722694,0.1233617519878667,2.1631293992747516
10.0,0,0.07408506628256473,0.02495220304469476,0.07408506628256473,2.1710088248595127
10.0,1,0.06406461894591198,0.02384594601750431,0.10657354809808739,2.188991511786398
10.0,2,0.11366339828419525,0.03125322711302596,0.11415936269015603,2.1593200952593747
10.0,3,0.06363701765924801,0.02108028770378457,0.11236182040886056,2.2028303841756554
10.0,4,0.0899415695662491,0.036689074257784685,0.0899415695662491,2.1969530502963863
10.0,5,0.05764298983753502,0.02544196121763961,0.09802630798026479,2.171568992162605
10.0,6,0.06607399698724348,0.0343106675309152,0.10902317284631868,2.159575782446069
10.0,7,0.07331928803042653,0.02645564855195517,0.10118342006753811,2.200318239623968
10.0,8,0.05014180766108134,0.019464126627006122,0.09074150055453067,2.1471026247555187
10.0,9,0.09059237223389349,0.04487104387174369,0.12099534109356114,2.162887457059284
20.0,0,0.07472797734644887,0.025534055214790744,0.11300951942001913,2.1721494027891453
20.0,1,0.06561641448121658,0.02439523908288302,0.126619301825603,2.1896055012240083
20.0,2,0.09706330865467194,0.029813180181930594,0.12259268369361087,2.166486705597066
20.0,3,0.0647761827265938,0.021688078389173925,0.14917808066916605,2.202656832019457
20.0,4,0.09132869428199908,0.03725583771127904,0.11818668205457317,2.1992108283423732
20.0,5,0.05914100712945736,0.025804556489030867,0.11998180562220861,2.172329116681027
20.0,6,0.06716969914002235,0.035501162312255134,0.16863565286094406,2.160068921465168
20.0,7,0.07576388935626732,0.027317810270421714,0.14148724621112585,2.2008588882329008
20.0,8,0.05355957721617255,0.020357724469166533,0.13406100023733702,2.148063585066282
20.0,9,0.09242413821879025,0.04546694774847956,0.12737804857457857,2.1623209673541908
30.0,0,0.07641598314533837,0.026723181363636033,0.15016058995421244,2.1727942016241
30.0,1,0.06627129607333115,0.025831736720273474,0.1680694490425254,2.1897778381326276
30.0,2,0.1007874777372959,0.031470507824950755,0.20755269002330312,2.1623034725142674
30.0,3,0.06800577742499003,0.02280130996854974,0.14999390821571157,2.20354230512325
30.0,4,0.09228981212212495,0.038177570322520935,0.12613732654325527,2.201932872628987
30.0,5,0.061099660416345625,0.02719313673244004,0.15827723684621842,2.173411211662696
30.0,6,0.06976766639579357,0.03721436671049529,0.18428798946039415,2.1622716119505156
30.0,7,0.07759840804349394,0.02834895484852274,0.12502805574773768,2.200940589725249
30.0,8,0.0654029284095976,0.023112520204478723,0.1760753405017721,2.1468660385887546
30.0,9,0.09697821618411173,0.046533113862533955,0.12193398462517302,2.162462364541014
45.0,0,0.08146714981242553,0.0296390310658293,0.20055343713085483,2.175169285944918
45.0,1,0.06421715486354085,0.029944959254131383,0.2144379693099394,2.1927261683040484
45.0,2,0.1201925916202502,0.034872157718817985,0.21733218950540523,2.1544027999396747
45.0,3,0.06854342914117018,0.025147062466365697,0.1871293622207535,2.2074364133046913
45.0,4,0.09433835195297613,0.040286146352679145,0.18335663562236526,2.2105096792915617
45.0,5,0.06909172733322677,0.030882678487617218,0.18372491907210908,2.17545864176455
45.0,6,0.0766490763791321,0.04137357797355431,0.2555415736497595,2.1691036753073547
45.0,7,0.08330584830690357,0.031046317137464773,0.2437534951061282,2.2033231222079337
45.0,8,0.08611092725706437,0.030433790841621462,0.2317234728371962,2.1407723960724354
45.0,9,0.10437663841833955,0.048633263326983915,0.18076618875839956,2.159503960044802
60.0,0,0.08301133361387913,0.03284253601310496,0.2099360518866067,2.17274197833396
60.0,1,0.07199368050386012,0.034349020004093275,0.24983523210788894,2.204437788417664
60.0,2,0.11440002823236006,0.039331686326954905,0.2033201020225579,2.1398986062499574
60.0,3,0.06332850178259952,0.03331466095390676,0.24439221596686478,2.2172698200838425
60.0,4,0.09619253757509982,0.04287614586971723,0.22287198468657188,2.2136840792529853
60.0,5,0.08773406155344121,0.04033202079838784,0.24139506259128374,2.1761116354785486
60.0,6,0.08102861947196027,0.0468973429431919,0.28914748626310405,2.1828749114486357
60.0,7,0.08262588171396268,0.03299386219621654,0.2011770199362748,2.2125785023040265
60.0,8,0.101641044743227,0.04296104200459677,0.22336248477709986,2.1233761874864143
60.0,9,0.11479466893122026,0.053489114289564044,0.21051878315750505,2.168279361740474
75.0,0,0.10056894978928477,0.04428576389519824,0.13243626169665967,2.175557957502093
75.0,1,0.08825071978191379,0.03767794336701137,0.2476141041162243,2.2198273985429466
75.0,2,0.12529141375005848,0.055874750607659035,0.31990351610886425,2.1740716784159844
75.0,3,0.07607255891703546,0.03884380345460546,0.2586764968476256,2.2165146123778072
75.0,4,0.10830175620709714,0.049232821662875244,0.1979685060601668,2.2252852780881227
75.0,5,0.11837380573065914,0.05718062932970693,0.31112285722659627,2.186478735152008
75.0,6,0.11036883706275935,0.05611365359134641,0.18933529842822372,2.201231127922881
75.0,7,0.08583086023829867,0.034291783398284925,0.2314855621516152,2.202283865710342
75.0,8,0.1417711874055383,0.06631059225892245,0.15781098706305485,2.096952040142668
75.0,9,0.16128672024004742,0.07601422696837035,0.25183739242183467,2.05061150581642
85.0,0,0.23488939096296346,0.10016028309064659,0.23488939096296346,1.944608920838121
85.0,1,0.07547407848481269,0.03520721777110695,0.14564230711292891,2.207842874988515
85.0,2,0.15921972921113747,0.060464537982553114,0.19620407692884423,2.1493867914639395
85.0,3,0.056928487131210126,0.028848741374576034,0.16536036493449524,2.218871235844233
85.0,4,0.20515611218710994,0.09661907110817493,0.20515611218710994,1.911381094869796
85.0,5,0.11733822718293219,0.059441622395967994,0.19358117012721654,2.113736656690591
85.0,6,0.13089501238889034,0.07085749142667595,0.243520043041066,2.1622015235394514
85.0,7,0.0765661487373901,0.037346150141741426,0.15568343205152524,2.1243868549499325
85.0,8,0.18896738888241837,0.10096772688072807,0.18896738888241837,2.0569149689723076
85.0,9,0.24402679630776913,0.08905104293579347,0.2755484127361547,2.0958587827185227
