alpha,delta1,delta2,U,CL,dCL_dalpha,dCL_dd1,dCL_dd2,dCL_dU,SPL,dSPL_dalpha,dSPL_dd1,dSPL_dd2,dSPL_dU,sigma
9.156994724874860658e-01,1.851893746467458968e+00,9.502793623142313351e+00,4.698013286895920970e+01,6.981283901590024099e-01,1.045363165714410791e-01,6.729786929581033084e-02,4.115630289907899059e-02,5.748016916352421350e-04,6.942563082806285024e+01,7.937980612389060608e-01,2.475604843968700342e-01,1.904908076285126151e-01,4.978547620097055759e-01,5.327058360325823694e-01
9.359025506881375023e+00,-5.297591854850713489e+00,-4.514828136111574963e+00,5.353235808851627553e+01,4.161273836876277499e-01,1.174982869253624052e-01,7.805039200568414381e-02,5.546491346644327747e-02,3.153531611823062590e-04,7.654063450130654189e+01,4.795618755246265907e-01,3.423120369124440510e-01,2.159545231736649251e-01,6.391941841357516862e-01,1.759568178257197579e-01
5.260910777290721541e+00,9.299419990722537221e+00,-6.617978732692333388e+00,4.828951558632380170e+01,9.396438108382247911e-01,1.060520397286395383e-01,6.774351800920126732e-02,4.942218557036641424e-02,8.642999722451075693e-04,7.427233941980539100e+01,1.164794548491017823e+00,3.049790165619019056e-01,1.565360181659523064e-01,5.368528116933366512e-01,5.107089848696556578e-01
8.681582133971295079e+00,8.900964475855875691e+00,7.534018603632706146e+00,5.505420673355270367e+01,1.742294216399941753e+00,5.918699103568232645e-02,2.887533432662760940e-02,2.349371699217388601e-02,2.509381113170033439e-03,7.980716949435971230e+01,8.285939162870965546e-01,-7.040107171832781230e-01,-4.362374590732550628e-01,8.075094672889442382e-01,1.228674165771178467e-01
1.173587414395923290e+01,6.968017616753773069e+00,8.183649275216971830e+00,6.767809459233870939e+01,1.876469452296332996e+00,3.111563907585947197e-02,2.000323771331105963e-02,1.465234103644845985e-02,1.651472904277809500e-03,9.015887744097287282e+01,4.996297072175126530e-01,1.171196737268820481e-01,7.273045236423068827e-02,2.755205084298192886e-01,3.296986158603877337e-01
6.461950444925204096e+00,-5.535200742319545952e-01,-6.049342210656862839e+00,5.147533416789501359e+01,3.593347758992875285e-01,1.125710509344242660e-01,7.575881216807414664e-02,5.508989869505832859e-02,5.601293729923293276e-04,7.407992689030854194e+01,1.169253042479064586e+00,3.463063447693439656e-01,2.003482267126995564e-01,5.703391759937010974e-01,3.350646497138903279e-01
6.013445563919255221e+00,6.829534297967946088e+00,-1.169405145947203906e+00,5.950384985885898459e+01,1.118448698155729559e+00,1.032073338319321743e-01,6.864802020541282968e-02,4.505596473428263860e-02,1.241527032937661144e-03,8.162533029304346144e+01,1.260970317847941224e+00,2.749149809560660351e-01,1.633745315609656523e-01,4.987212232938216805e-01,4.036663267373751252e-01
8.646136003171385198e-01,-7.377787153041721169e+00,4.384642833846729815e+00,5.786863339061122247e+01,-2.537502002366240905e-01,1.123514208378083440e-01,7.843250225912189177e-02,5.325100950003448103e-02,-2.867282464152041965e-04,7.280745379056190814e+01,-9.236468547946528884e-02,-8.428141648302919786e-02,-1.999403700518351257e-02,4.764959648943278281e-01,2.923624754874843412e-01
3.221267761222454062e+00,-3.825326854043291647e+00,6.906903175279467177e+00,6.255860683426622870e+01,4.290909808533558412e-01,1.143039590276759832e-01,7.669339130010692507e-02,5.209448923896751321e-02,6.306884599445425929e-05,7.737558744647856201e+01,1.329158188945085417e+00,2.913719343369813308e-01,2.860231386984256607e-01,3.663845985867043575e-01,5.281237972503641798e-01
5.998590009906719089e+00,-7.400721169116586395e-01,-6.634493892655113356e+00,4.184995990509605690e+01,2.557161925561409199e-01,1.135600256584508999e-01,7.684086780724497245e-02,5.478065351395726423e-02,3.067105365559318151e-04,6.872832590826428145e+01,1.042335090782781304e+00,3.240276463651377004e-01,1.562240207883424659e-01,3.475345745720613277e-01,2.692737471772236879e-01
8.150759953451284900e+00,4.836944013669334907e+00,3.299379258095221701e+00,6.234471021045428785e+01,1.395833829253222191e+00,9.440352909367159817e-02,6.051084855803648410e-02,4.022146326158176216e-02,1.711095239329906955e-03,8.538586761761034438e+01,7.984189428342641781e-01,1.873023395069006725e-01,1.199661273920424043e-01,4.606929997954445355e-01,5.226670942596111091e-01
9.644868433252504758e+00,-2.834954258220676593e-01,6.156709185921389604e+00,6.838827781517284166e+01,1.351534464611028774e+00,9.831135582606373435e-02,6.346501810652932507e-02,4.389768717259934921e-02,9.012932807043959847e-04,8.744837539567387807e+01,3.583059059318089989e-01,2.908438551079944312e-01,2.055285747275963915e-01,1.991634601660437209e-01,2.463472897068199885e-01
4.571293597782460694e+00,-7.262477624050982072e+00,9.942824160145491419e-01,5.810678655086459798e+01,1.288594791964636777e-03,1.156014842193133635e-01,7.934603677391509347e-02,5.241200442382348140e-02,-7.909355668604773292e-05,7.487696641880232562e+01,1.131795575886675342e+00,1.836530685959699150e-01,1.790149515684523462e-01,4.948313598532698143e-01,3.056777993830859796e-01
7.912361628708612926e-01,-3.129269405912832980e+00,-6.705666824419742156e+00,4.862739826359700857e+01,-4.936207173259842262e-01,1.026774892782548187e-01,7.427993057826851042e-02,4.921741520555730776e-02,4.052170313479317712e-04,6.854097069257500152e+01,-5.884956722673130303e-01,-1.871110601374601778e-01,-1.736388299920094969e-01,5.212849100028683624e-01,5.002550726980362628e-01
3.457747191695922595e+00,-3.511476606551140023e+00,-9.289423903392732385e+00,6.017107655287858847e+01,-3.693093173943794438e-01,1.045227693746273584e-01,7.772831075727945627e-02,4.771105384381225945e-02,-1.588699691976733837e-04,7.485849643432476341e+01,4.674234313970941357e-01,-2.760820048278890201e-02,-9.644257486178844929e-02,4.415095053024802318e-01,4.435322387275322797e-01
1.091512233263536302e+01,-3.991621913639205488e+00,-4.369323643030124771e+00,6.136146360344184814e+01,7.079687959818242726e-01,1.145018427299936692e-01,7.503691317047729570e-02,5.302309899537083204e-02,5.045314772139624770e-04,8.215035940099703282e+01,6.443512956311492346e-02,3.057519135307560920e-01,1.910601352380769669e-01,5.222548875497612375e-01,4.973160311461465311e-01
2.560624242958986052e+00,-6.689971990684250969e+00,6.157416929071032996e+00,5.969350859615806115e+01,8.920018034401699936e-02,1.153919241331230611e-01,7.908591881402442236e-02,5.380694308675063736e-02,-1.831531298311720444e-04,7.462186405963984726e+01,9.240410540308771070e-01,1.544250698751288564e-01,2.036442950663231999e-01,4.422491084336590550e-01,4.191205074204875092e-01
5.425487541812197279e+00,-1.701964548534959931e+00,-9.104674783097220114e+00,4.440790947080630247e+01,-1.324194912478970920e-02,1.116740702902647570e-01,7.881743693859806499e-02,4.969865475399012217e-02,5.259023104127308595e-04,6.857431031706872204e+01,9.523704256657214984e-01,2.308135065059355451e-01,6.832198684946531875e-02,4.203415957193228913e-01,4.715868324255095279e-01
1.117447223626826158e+01,-1.037586849945533629e+00,-9.835669899213758782e+00,6.920426704809102603e+01,6.773977564833536524e-01,1.159715014944062289e-01,7.438512385272830207e-02,4.695990070349322781e-02,4.854987838167374868e-04,8.481577231803434813e+01,2.125359130415643560e-01,3.141841547800543477e-01,2.248547654033387355e-01,1.837720411442373969e-01,1.679004220901056388e-01
2.987907306041761579e-01,5.498007516280342344e+00,-2.767667045758854805e+00,6.866150355462636412e+01,3.201044483545870678e-01,1.099422490164722460e-01,7.890429636863656448e-02,5.312130214929058208e-02,2.692010924465780618e-04,7.661669280149624228e+01,6.198946519401749011e-01,2.115384221873377601e-01,1.310840407558702403e-01,1.721407382012881127e-01,2.227317510397116840e-01
7.206587009569470403e+00,5.927814015650969992e+00,-8.727554286028961883e+00,5.273876598386924286e+01,7.975097505453647706e-01,1.074056403327229292e-01,7.668764988887347145e-02,4.898199509470445301e-02,8.179531128635212159e-04,7.736836201433966664e+01,9.526735018461551796e-01,3.502689838385155685e-01,2.059436539984458581e-01,5.953005877273712665e-01,2.419822929784392618e-01
1.140155400496374760e+01,4.478025600322368405e-01,-7.010273933515391853e+00,5.780911988226615961e+01,9.391420383288447971e-01,1.082247873883606659e-01,6.854267132016182706e-02,5.045203250349486468e-02,9.110227948052318763e-04,8.077440041576744534e+01,-3.356748491953797098e-01,2.389816717517160294e-01,1.330382866810521647e-01,6.531109433127206820e-01,2.881662208172051098e-01
2.763634548251577616e+00,-7.873940767344613789e-01,-9.536192638012757072e+00,4.118885721600683070e+01,-2.522791610568301257e-01,1.048841938751824548e-01,7.658521959902045428e-02,4.476017063872394369e-02,6.383996109969964576e-05,6.554806746392603145e+01,4.490037756913847211e-01,4.905520234304464045e-02,-7.489134546912266932e-02,2.885704803709326360e-01,2.012101316817130336e-01
6.581879030832364919e+00,5.564272030877932096e+00,4.943967353726375080e-01,6.965903003685815520e+01,1.175866121543257314e+00,1.040411335910054608e-01,6.872246502703992233e-02,4.482087540066635040e-02,5.777556832739683297e-04,8.554905592228794831e+01,1.286812975075550147e+00,2.956853502104248022e-01,1.857522960440103066e-01,1.140803668344923250e-01,1.145732033668480226e-01
1.090954049864077469e+01,7.745779037054695948e+00,3.933918043788258601e+00,6.456234977869897307e+01,1.768075181992696976e+00,5.300114301264537836e-02,3.052224352127664089e-02,2.488343275076536701e-02,2.186210472781840216e-03,8.839562976660423033e+01,3.377014729035527352e-01,1.814196513664048938e-01,9.960707659327795727e-02,4.469857791096462640e-01,5.154781405064620126e-01
1.598033349111001922e+00,3.498375397335752979e+00,-1.458930139725447717e+00,5.909507027289001968e+01,3.742282465529396251e-01,1.113593387329844808e-01,7.752464877237025265e-02,5.102530788321513189e-02,2.055645888599412084e-04,7.433919947913740600e+01,9.624949046621612547e-01,2.986097978162228772e-01,1.869970727713003156e-01,4.482906485085767501e-01,3.756144908428960538e-01
6.280950968085189601e+00,6.009580979969271652e+00,-7.308590827106247190e+00,6.283254232665058225e+01,7.842749992143245308e-01,1.099161054831129525e-01,7.766013032641991276e-02,5.196842855950597334e-02,8.951077041626356650e-04,8.182685817890414626e+01,1.368087173961229919e+00,3.939406809102086737e-01,2.297058889439459739e-01,3.810983146618865947e-01,5.318905725372305993e-01
9.004918309224418493e+00,8.782227074643706999e+00,-3.372855780751886634e+00,4.564089785747758299e+01,1.409039272708543677e+00,8.294813194979774873e-02,5.308405439345790372e-02,3.896453930255473763e-02,1.575128114457653283e-03,7.526637125768628778e+01,-5.431138581218555167e-02,8.350878928707795856e-02,1.634929534073939136e-02,6.016027579954446036e-01,5.191605812263452302e-01
8.028158890606965414e+00,-9.186883811266284283e+00,1.806917086126702543e+00,4.922963770278554563e+01,2.972963650466142194e-01,1.161103854631842652e-01,7.291334990169341668e-02,5.255488937287067230e-02,1.643945104666964720e-04,7.322541143974592615e+01,7.367241279269083343e-01,3.311820541782500293e-01,2.578245485540463511e-01,5.951740596380128423e-01,4.734015649878544618e-01
5.613034316939768509e+00,7.513434497401664913e+00,8.813227867927761139e+00,4.739180932857162531e+01,1.475976068503165983e+00,8.825388901927931629e-02,4.563740839119782844e-02,2.787906917428735476e-02,1.641916181908273159e-03,7.230970295509384016e+01,6.686471543493004432e-01,-8.006528532107861640e-01,-4.214553651731341444e-01,6.427807311949438329e-01,5.303120137512894461e-01
2.458189083573540934e+00,-4.468738550977315427e+00,9.851154383452804808e+00,5.788147360375451456e+01,4.392520920026503628e-01,1.134616669353647606e-01,7.560200784687413911e-02,4.665223626404872703e-02,2.374117446081956391e-04,7.504958456328610339e+01,1.190794012795930668e+00,2.625009533126744232e-01,2.660060789212084220e-01,4.823663757911275107e-01,2.909318985639323674e-01
5.889190669092845276e+00,-4.847100115151157240e-01,-5.167941666923003829e+00,4.275714556491316642e+01,3.440314210943484219e-01,1.131321164595580492e-01,7.601115241179881576e-02,5.524001399724582512e-02,3.975991903173903730e-04,6.927789604854986294e+01,1.106390556000643954e+00,3.471776839004420689e-01,1.846474341361169502e-01,3.820828065733398171e-01,3.545776474234862419e-01
4.468616272620707264e+00,5.935219138638046843e+00,-9.788401861233085199e+00,6.686829955644824963e+01,4.516485236004850190e-01,1.136013516096420484e-01,7.788784926513499240e-02,4.839773175618879847e-02,3.966771354720058027e-04,7.991914026393911286e+01,1.390276604605619637e+00,3.700171149270057303e-01,1.668666743677038322e-01,2.303917362612720177e-01,3.909355149739702218e-01
5.728813858219060862e+00,4.344844645504599256e+00,6.612806519876095024e+00,5.386827826392183027e+01,1.249591174424076634e+00,1.001719351647682721e-01,6.134365963342357231e-02,3.999523280933031666e-02,1.343324553802076370e-03,7.841640687649821473e+01,1.061474863264854962e+00,-5.226165594021089239e-02,-8.912387018419794249e-04,6.244069347681214799e-01,1.520367097040815907e-01
4.390684629367115122e+00,-7.057048561166139322e+00,8.532258755401130657e+00,5.334437094863136508e+01,3.962491328559737402e-01,1.146759749253888905e-01,7.654587120512380827e-02,5.089424596572615644e-02,3.130098434933389212e-04,7.409063950994099912e+01,1.311168772544166972e+00,2.798635485640165732e-01,2.878067204312422800e-01,5.523244741420859638e-01,1.988518254121906803e-01
1.005501593171112695e+01,3.174965179082908762e+00,-8.279304046406128492e-01,4.314133910719731091e+01,1.274341092406865439e+00,9.458850538539262387e-02,6.235437417471228344e-02,4.427260022139786061e-02,9.893340183775669629e-04,7.303511980940800186e+01,-5.594460862650164623e-01,1.692009326431687943e-01,1.045588693946420955e-01,5.093764199538565185e-01,3.875447504130946630e-01
9.223770078234110770e+00,-8.614958599803291150e+00,5.428846891273643394e+00,6.054712111180341338e+01,6.693844717144237233e-01,1.122631174322045178e-01,7.231657473735726704e-02,5.283574226699292581e-02,5.921377670021246405e-04,8.194282112071294932e+01,5.626686082588857607e-01,3.264312209026107858e-01,2.498675984099716085e-01,5.166488639210234934e-01,4.651238583677199112e-01
3.767936126551945986e+00,-2.858587432942421458e+00,7.323980681687821459e+00,6.450681983027344302e+01,5.864548058805034714e-01,1.136514098951705992e-01,7.484339526324751413e-02,5.091862840476046176e-02,2.287929695179342113e-04,7.922300762073987812e+01,1.451695037076812023e+00,3.323581146772065509e-01,2.994634160532776423e-01,3.072503892568810846e-01,5.156232630040751275e-01
6.871503991727447413e+00,6.256591003274124319e+00,2.192295966691183651e+00,5.888650514386995383e+01,1.309617489648598809e+00,9.733960900788558857e-02,6.186071716987170260e-02,4.045215446348827959e-02,1.600448493390646022e-03,8.255006545306358134e+01,1.030182141041043664e+00,1.154356083879632677e-01,5.987458422413875075e-02,5.535278892268920004e-01,3.616386366938733610e-01
3.312588579968341218e+00,-1.445903339448989300e+00,7.452543662883741149e+00,4.726067822392398909e+01,6.372668966864974971e-01,1.111913924132799797e-01,7.144706815030990588e-02,4.872486621359355813e-02,5.614501642373544155e-04,7.079524757473103591e+01,1.286703091287793033e+00,3.118229432477008234e-01,2.579690167512213583e-01,4.952546722685721159e-01,5.306145457959371425e-01
5.434115190556804365e+00,1.997088750868927676e+00,-9.521939477153383180e+00,6.356262164756529387e+01,2.638817913200229848e-01,1.119032987956373043e-01,7.786324190547842805e-02,4.825187774170912325e-02,3.891079815478458502e-04,7.895783718565083120e+01,1.318108043254038408e+00,3.159981869828861756e-01,1.633323015772037423e-01,3.482488911407175536e-01,5.302942847418898875e-01
4.235740391332736721e+00,4.563225662942675953e+00,-4.568095594808722737e+00,4.437038300150301495e+01,5.795310334814849362e-01,1.097336841424217529e-01,7.723370794626642499e-02,5.285521637215826601e-02,5.576491105409609470e-04,6.987077768697898250e+01,1.291453590377716676e+00,3.659503183371858870e-01,2.081398335344853689e-01,4.206943938102833402e-01,4.687615107530127556e-01
7.888793553357098531e+00,6.424552166131189068e+00,-4.455608346114095397e+00,6.481828986938791104e+01,1.134745413606062625e+00,1.025915958234421277e-01,7.174682807785770500e-02,4.887808142344113316e-02,1.268029773023796611e-03,8.526690888477472186e+01,9.926224862381529679e-01,3.411612581566223490e-01,2.061624903071359038e-01,3.355760678527676122e-01,5.054761422144431471e-01
4.444212995856422488e+00,5.210302399605662771e+00,-7.587351433876836637e+00,5.742116111835657222e+01,5.000144049498091992e-01,1.112546844529691686e-01,7.834214133009580194e-02,5.257307763753021196e-02,5.072511134592292206e-04,7.645507278234696003e+01,1.379993237455692467e+00,3.784942770645194909e-01,1.963461043093044367e-01,4.979541551431942437e-01,2.539850099065409927e-01
5.509115734697177302e+00,-9.857134494420030535e+00,8.214269085764765777e+00,4.868118434735308142e+01,2.999084627813722870e-01,1.156248752668622981e-01,6.991900918203433624e-02,5.220810168619988839e-02,2.746344292562235027e-04,7.198510452326341635e+01,1.137301860211187288e+00,3.098695238092031290e-01,2.790234034964011456e-01,5.376937214088228778e-01,4.986558500169757102e-01
8.631889470108498941e+00,-1.594863326549297966e+00,-9.391214666687536905e+00,5.539730199531216925e+01,3.523108557391111950e-01,1.168941630320018271e-01,7.725617009719475126e-02,4.948240013565359530e-02,2.868625287115185549e-04,7.747708067411679167e+01,7.464046695913210128e-01,3.316673242366622865e-01,2.057468110356290292e-01,5.923387204506376236e-01,1.149425806583926624e-01
4.955901949366015025e+00,-7.372756392370547474e-01,3.451220590442254377e+00,5.886554209193941034e+01,6.773029243479299355e-01,1.118700944675387055e-01,7.351825438481164599e-02,5.038477236681592614e-02,5.391685987493137185e-04,7.834195204124307566e+01,1.459231066857919812e+00,3.747214084954588187e-01,2.844735394240215931e-01,4.803172511309869996e-01,3.578943644031349347e-01
1.087707922997206467e+01,-8.890009937745546154e+00,-8.573206254855854525e+00,4.775768495777937517e+01,8.251477037320398278e-02,1.246043782132048444e-01,7.828887792273593604e-02,5.618039360461277165e-02,1.796088024557509555e-04,7.123700219986343996e+01,-9.803282351822831253e-02,2.988265741290714872e-01,1.038291163625732622e-01,5.905071581141788650e-01,5.254012234659756198e-01
2.165419430432179215e+00,8.288426419043926074e-01,-2.784390124295576641e+00,6.540719681379921724e+01,1.638817534585540470e-01,1.134178970002202719e-01,7.690604943855235132e-02,5.258515206219634142e-02,4.028829023948439443e-05,7.629387537745924419e+01,8.737488980139259676e-01,2.093227171973012779e-01,1.109414140138914318e-01,2.774438767720258658e-01,4.800578872990006185e-01
8.893426474959170491e+00,2.155415028877342820e+00,-1.638009146448682785e+00,5.263761125797820029e+01,1.059696309085399468e+00,1.049954539090316163e-01,6.947092353532206832e-02,4.918059296892426241e-02,8.220573807006931449e-04,7.863366215277905269e+01,3.166443196435758667e-01,2.793730586933222404e-01,1.715233895819896770e-01,6.503844755537769862e-01,2.431458752081911978e-01
5.068488523717684657e+00,6.569063899922507943e+00,-6.371914218852660738e+00,6.677012371765695775e+01,7.453341341728139113e-01,1.117049660910718473e-01,7.709542070233649236e-02,5.294828462639583622e-02,5.598712422288306149e-04,8.170655923289159261e+01,1.504429580453341186e+00,3.985656743163373261e-01,2.272915770498388777e-01,2.298421281256760873e-01,3.981650852523488382e-01
5.117442872219307937e+00,8.836185363828970907e+00,4.202820656435264368e-01,6.506405683442604015e+01,1.230225359556028852e+00,1.004298527509649985e-01,5.854362297680137939e-02,4.018315611158885386e-02,1.108273751940047234e-03,8.337689477718900832e+01,1.355507542138991939e+00,1.733061931333205463e-01,6.136989048140643888e-02,3.131069449823788431e-01,4.960878255504967416e-01
7.612558423606065716e+00,-7.437042919945342945e+00,6.998352185583129881e-01,4.298042542478891903e+01,3.220746897074708293e-01,1.162141198228364286e-01,7.715260700088502621e-02,5.238998346520377936e-02,4.627618466371983061e-05,6.993757061427096744e+01,7.370673427421204904e-01,3.177053353372784605e-01,2.473916124288044194e-01,4.274385404527245580e-01,3.769878605588704024e-01
6.274874412340142982e+00,-5.391386511795611014e+00,-3.659122361276077484e+00,5.938762328346376762e+01,9.856179750452864763e-02,1.149692556567696866e-01,8.007085745511580144e-02,5.560712171705320395e-02,5.436824042469381053e-05,7.712812489217118639e+01,1.210452082207434943e+00,2.640699655510074240e-01,1.807415442942032491e-01,4.833079722125432354e-01,3.945663495036096369e-01
4.978631741273318312e+00,3.183167941411218393e+00,4.741761191045814172e+00,4.931483699487227312e+01,1.012538384085756693e+00,1.059190314917413944e-01,6.758360861245293894e-02,4.488072512435033190e-02,7.674319606077101893e-04,7.465959137895011111e+01,1.177676996775532947e+00,1.622471106623454007e-01,1.255384403848089359e-01,5.645920149563840029e-01,4.675496693337140020e-01
1.712256675309831166e-02,-7.350520223665029107e+00,-6.795951787616609785e+00,6.262159590949524102e+01,-8.781608001792885476e-01,9.193008911988730103e-02,6.421030181445301632e-02,3.982371070262642754e-02,-1.018481712868848704e-03,7.734693755714003771e+01,-1.240697916353002972e+00,-2.844011129651985992e-01,-2.068364123441398805e-01,3.646186825841715162e-01,5.368975152939469142e-01
1.107148150161024969e+00,-5.518427261073613366e+00,-6.149835620802893033e+00,5.627894972343194269e+01,-6.105127198971206370e-01,1.021007835660618784e-01,7.408685825712252315e-02,4.805338006793129224e-02,-2.677936590959824922e-04,7.284532588520842467e+01,-6.183222381025604841e-01,-2.163134837950305978e-01,-1.880032282565332613e-01,5.170969190536559568e-01,1.719293748167873559e-01
8.512732724702551934e+00,1.497251751782982865e+00,-2.909779639087879843e+00,5.372796623955150608e+01,9.092036114090626953e-01,1.083419708246492474e-01,7.161507744410883225e-02,5.168859691081181124e-02,7.376278426567123422e-04,7.873444811871868865e+01,5.749193980238630486e-01,3.109697927656758787e-01,1.944334042438262133e-01,6.296168933926652445e-01,1.565131769091326341e-01
6.292147161182366943e+00,-6.609525528675817441e+00,-2.432477331371614149e+00,6.686100353611186620e+01,6.979064929733480582e-02,1.164695058615948242e-01,8.056487194605732594e-02,5.473929707001129463e-02,-1.684603726441604121e-05,7.983736752309977192e+01,1.257401654466655749e+00,2.420814472894718405e-01,1.900089783987014835e-01,2.441117506424755890e-01,3.884532337517543898e-01
8.353925562203627919e+00,5.644603026475564889e+00,-5.874282869986913624e+00,4.171760679400502880e+01,1.030745391052865667e+00,1.011230385538912646e-01,7.108137927147306634e-02,4.968841391420229792e-02,7.494867692017020619e-04,7.252292968534500517e+01,1.968263385118656505e-01,2.232343614974118540e-01,1.454202304156013426e-01,4.158773785812915347e-01,2.578218959581304315e-01
1.146561987603511135e+01,7.139512522235204273e+00,8.374184102845362077e+00,5.671952877603938248e+01,1.844836484917951047e+00,3.095974947368355934e-02,2.009279682793627467e-02,1.460185605058015972e-02,3.039509303084819095e-03,8.352330235997162333e+01,3.707071975107878448e-01,-1.123915348229856948e-01,-4.265404518540234086e-02,8.453595317387152530e-01,2.131270087954169057e-01
8.194966252505009763e+00,-9.326515909943037030e+00,6.561871390938950555e+00,4.983733297890029235e+01,5.581172904526641165e-01,1.128936901481003702e-01,7.040713188190998728e-02,5.270234485337811636e-02,2.941269013751522210e-04,7.490152254282781996e+01,6.231183560836563995e-01,3.342161054988228019e-01,2.527602673125411425e-01,6.118628430874082369e-01,4.458180730918728796e-01
6.375442880754906838e-01,6.528960988734731075e-01,-7.862465114867172034e+00,4.105820008940388277e+01,-2.856632043302738122e-01,1.026901465906501498e-01,7.488638761912837227e-02,4.861140060323339285e-02,-4.937768310637906171e-04,6.496663885170295316e+01,-1.779427931807431029e-01,-1.227922475467446706e-01,-1.328859814155576580e-01,2.961095906426005064e-01,1.950017500855186769e-01
3.706232218365565600e+00,5.939027148871288020e+00,-2.610281686792319533e+00,6.260555556108752739e+01,7.395208756090264623e-01,1.104834248801661728e-01,7.598386534632541045e-02,5.046680505016444551e-02,5.851642967012831136e-04,7.905900504644156968e+01,1.467373124624164804e+00,3.856715684615730777e-01,2.437015966297110814e-01,3.650552082714835223e-01,5.275949904398959944e-01
