d1,d2,U,alpha,CL,CD,CM,dstar_s,dstar_s_band,dstar_p,dstar_p_band,H_s,H_p,theta_s,theta_p,bl_ok_s,bl_ok_p,reversed_s,reversed_p,drift_s,cells,iterations,case
0.0,0.0,55.0,0.0,0.0028619571029674,0.0084066573523958,-0.0004490078041947,0.0035244121809327,9.386956084744694e-06,0.0034654421561608,1.004223411321583e-05,1.4894175745346026,1.485834851725228,0.0023735721332065,0.0023248728791706,True,True,0.0,0.0,0.0001461205809479,51552,20000,resweep/d+0_+0_a0
0.0,0.0,55.0,3.0,0.3476964931910594,0.0087541432018786,-0.0017680267441677,0.0042633387873265,8.668758645005194e-06,0.0030627964391815,6.457599509478813e-06,1.54439891317582,1.4495582840371155,0.0027668106406868,0.0021097610874408,True,True,0.0,0.0,-0.005448421779184,51552,20000,resweep/d+0_+0_a3
0.0,0.0,55.0,4.5,0.521114711108564,0.0092212024660383,-0.0026534332955516,0.0047539055552841,3.0139280149015304e-06,0.0028055586945268,2.801548947176753e-06,1.5808388239111042,1.433055166477596,0.0030057656957887,0.0019594464690147,True,True,0.0,0.0,-0.0003051329789195,51552,20000,resweep/d+0_+0_a4.5
0.0,0.0,55.0,6.0,0.6892462426111048,0.0099092798929711,-0.0026220572490314,0.0053359448998598,4.48518708517226e-07,0.0024751762197673,1.1429619573330007e-06,1.6200444102710043,1.4160855634980505,0.0032937670864575,0.0017485902465491,True,True,0.0,0.0,0.000276600332544,51552,20000,resweep/d+0_+0_a6
0.0,0.0,55.0,6.27,0.7204181580388482,0.0100155334665574,-0.0026592061750605,0.0053726761318635,6.494374575436324e-06,0.00243276744343,2.9607376542519024e-06,1.6201079512093777,1.414140590665199,0.0033163539995744,0.0017219483751152,True,True,0.0,0.0,0.0035454239460292,51552,20000,resweep/d+0_+0_a6.27
0.0,0.0,55.0,7.5,0.8609472555926327,0.0107933648064431,-0.003182951076551,0.0056047734181986,9.17834563216079e-06,0.0022536797590587,7.557839489382139e-06,1.6459023434136586,1.4035418133513278,0.0034090810411908,0.0016012871852141,True,True,0.0,0.0,0.0030677365468932,51552,20000,resweep/d+0_+0_a7.5
0.0,0.0,55.0,9.0,1.0322425344289976,0.0119223438902203,-0.0038982981400735,0.006018829899045,1.0093651552628338e-05,0.00210762163197,4.131590515850294e-06,1.6869254006296674,1.397725171589487,0.0035708611078518,0.0015059474201969,True,True,0.0,0.0,0.0014525840647281,51552,20000,resweep/d+0_+0_a9
0.0,0.0,55.0,10.5,1.1970835617040336,0.0132587801061643,-0.0037038430709699,0.006916762290554,8.663946398201026e-06,0.0019287442353864,4.8897990835757845e-06,1.7604863130153157,1.3907435675913682,0.003931332274683,0.0013844189139871,True,True,0.0,0.0,0.0023882551521512,51552,20000,resweep/d+0_+0_a10.5
0.0,0.0,55.0,11.0,1.2511520621307552,0.013781302220426,-0.003631222378893,0.0073243445592267,8.907560957525928e-06,0.001861525493823,5.986620106775858e-06,1.7881840102839768,1.387664353483803,0.0040990844209796,0.0013377134690079,True,True,0.0,0.0,0.0019545670869885,51552,20000,resweep/d+0_+0_a11
0.0,0.0,55.0,11.5,1.304393244423247,0.0142848882979772,-0.0032948162084283,0.0077784178151734,7.116561334456501e-06,0.0017998249300681,5.846934876970215e-06,1.821626009737114,1.3836291889535477,0.0042699041285178,0.001298196330665,True,True,0.0,0.0,0.0008968709303585,51552,20000,resweep/d+0_+0_a11.5
0.0,0.0,55.0,11.82,1.3391376796750185,0.0146806901400836,-0.0032334897787282,0.0080526705141996,9.643364466282826e-06,0.0017654198344529,4.174841011805354e-06,1.8413463820515823,1.3820206699951698,0.0043689747998686,0.0012812252653218,True,True,0.0,0.0,0.0001755832389818,51552,20000,resweep/d+0_+0_a11.82
0.0,0.0,55.0,11.83,1.340255914584242,0.0146824154463561,-0.0033185155013031,0.0080672100023703,1.3689537163817656e-06,0.0017621787509702,1.6129047843237545e-06,1.841915141960207,1.3819791304990725,0.0043790081116576,0.0012745205825778,True,True,0.0,0.0,0.0010331312803827,51552,20000,resweep/d+0_+0_a11.83
0.0,0.0,55.0,12.0,1.359508017287563,0.0149235871333873,-0.0035346284279905,0.0081685646160489,4.744472490809601e-06,0.0017479024260898,1.072076883439901e-06,1.8483199069753249,1.3808260346821073,0.0044214064449352,0.0012652770118991,True,True,0.0,0.0,0.0015582660590316,51552,20000,resweep/d+0_+0_a12
5.0,0.0,55.0,2.89,0.6984636146318476,0.0110606503369144,-0.057531182918355,0.0051584762505757,7.224201752344551e-06,0.0022346340605069,7.572398629690849e-06,1.6792305345239569,1.379137423133965,0.0030759515940143,0.0016162383920266,True,True,0.0,0.0,0.0025780656515773,51611,20000,resweep/d+5_+0_a2.89
5.0,0.0,55.0,8.58,1.3402262481083025,0.0171209365350375,-0.0585445392447328,0.0085726579209085,1.096625145076413e-05,0.0016687339906689,4.474408323169518e-06,1.971704435185194,1.3546138543124235,0.0043424862761362,0.0012333981556308,True,True,0.0,0.0,-0.0018402464761689,51611,20000,resweep/d+5_+0_a8.58
5.0,5.0,55.0,0.77,0.7133976384378299,0.011118026929137,-0.1073624920831886,0.0064839151574339,6.198278408578537e-06,0.0023550891712165,6.766845092793551e-06,1.9020325990564972,1.3494894367631531,0.0034127255683269,0.0017409080691618,True,True,0.0,0.0,0.0006216616202013,55029,20000,resweep/d+5_+5_a0.77
5.0,5.0,55.0,6.42,1.3453506141570677,0.0159659170053313,-0.1057642242250407,0.0088374275816941,4.227187470840811e-06,0.0016208479404721,5.423466890066816e-06,2.1792728588838,1.3252844134073052,0.0040569051469591,0.001221573338748,True,True,0.0,0.0,-0.000324009004568,55029,20000,resweep/d+5_+5_a6.42
10.0,0.0,55.0,-0.08,0.7149090824527128,0.0119228179808749,-0.1117334670191447,0.0084206337991148,3.092070467450129e-06,0.0022234831579847,7.526605150658637e-06,2.0786380322989624,1.3455605878955623,0.0040500052559448,0.0016554600976568,True,True,0.0,0.0,-0.0005106659970469,53831,20000,resweep/d+10_+0_a-0.08
10.0,0.0,55.0,5.49,1.33661325521846,0.0185342826532074,-0.1114766460071465,0.0116040744183531,4.869020877798849e-06,0.0014500182316735,1.7395072662876275e-06,2.549541990655345,1.3240254471797104,0.0045545561066852,0.001093523257962,True,True,0.0,0.0,-0.0003636026387424,53831,20000,resweep/d+10_+0_a5.49
10.0,10.0,55.0,-3.63,0.7266956683011487,0.0170788871552137,-0.193702187107277,,,,,,,,,False,False,1.0,0.0,,53768,20000,resweep/d+10_+10_a-3.63
10.0,10.0,55.0,2.08,1.3528902928631823,0.0246234077667245,-0.1921721489469472,,,0.0012951159012948,3.412237119829013e-05,,1.267186929576607,,0.0009958188299536,False,True,1.0,0.0,,53768,5709,resweep/d+10_+10_a2.08
